Smoke,,,,,
MQ-2,MQ-5,MQ-6,MQ-8,MQ-9,MQ-135
192,554,706,662,508,613
191,554,707,662,508,613
192,554,707,662,510,613
192,554,707,663,511,613
193,555,707,662,511,614
194,554,707,662,513,614
193,554,708,663,514,615
194,554,708,663,515,616
194,555,708,663,516,615
194,555,708,663,517,615
195,555,709,663,518,617
195,555,709,663,520,616
196,555,710,663,519,617
197,556,709,663,520,617
196,556,709,663,521,618
196,555,709,664,522,618
196,557,709,664,522,618
196,556,709,663,522,618
197,556,710,663,523,619
197,556,710,664,524,619
198,557,711,664,525,620
198,557,710,664,526,620
199,557,711,665,526,621
199,558,710,665,527,622
199,559,711,665,527,622
198,557,711,664,529,622
199,558,711,664,529,622
199,558,712,665,530,623
199,558,711,665,530,623
199,559,711,665,531,623
200,559,712,665,531,624
200,559,712,665,532,623
200,559,713,665,533,624
200,559,712,665,534,624
201,559,713,665,534,625
201,560,713,665,535,626
201,560,713,665,536,626
202,559,713,665,537,626
203,560,713,665,537,626
202,559,713,665,538,626
202,560,713,665,539,627
203,560,714,666,540,626
203,560,714,666,540,626
203,560,714,666,540,626
203,561,714,666,541,626
203,560,714,666,541,625
203,561,714,666,542,625
203,561,714,666,543,625
203,561,715,666,544,624
204,561,715,666,545,624
204,562,714,666,545,624
204,561,715,666,545,624
205,561,715,666,546,624
204,561,715,667,547,622
204,562,715,666,547,622
204,562,715,666,547,622
204,561,715,666,548,622
204,562,716,666,549,622
205,562,715,667,550,621
206,562,716,667,551,622
206,562,716,667,551,622
206,562,716,667,552,622
206,562,716,667,553,622
206,563,716,667,553,622
207,562,716,667,554,622
207,562,717,667,555,623
207,563,716,667,556,623
208,563,717,667,557,623
209,563,718,667,556,624
209,563,718,667,556,624
209,564,717,667,558,624
210,564,717,668,558,625
210,563,717,668,559,625
211,563,717,667,560,625
211,563,717,668,560,626
212,564,718,668,561,626
212,564,718,668,562,626
213,564,717,668,563,627
213,564,718,668,563,627
213,564,718,668,564,628
214,564,718,669,564,628
214,564,718,669,565,628
215,565,718,669,566,628
215,564,719,668,566,629
216,565,719,669,567,629
216,565,719,669,568,629
218,565,720,669,569,629
218,565,719,669,569,630
217,565,719,669,570,630
217,565,719,669,571,630
218,566,719,669,571,630
218,567,719,669,572,631
219,566,720,669,573,631
219,566,720,669,574,632
219,566,720,670,574,632
221,566,721,670,574,633
220,566,720,670,575,632
221,566,720,670,576,633
222,566,720,671,577,634
222,566,721,670,577,634
222,567,721,671,578,634
221,567,721,670,578,635
222,567,721,671,579,635
222,567,721,671,580,635
223,567,721,671,580,636
223,568,721,671,582,636
224,567,721,671,582,637
224,568,721,672,583,636
225,568,721,671,583,637
225,567,722,671,584,638
225,568,721,671,585,638
226,568,722,671,586,638
226,568,722,671,587,639
228,569,722,672,588,639
227,568,722,672,588,639
227,568,723,672,589,640
228,568,722,672,591,640
228,568,722,672,591,640
228,569,723,672,592,641
229,569,722,673,593,640
229,569,723,672,594,641
230,569,723,673,594,641
231,569,723,673,595,642
231,569,723,672,596,642
232,569,723,673,596,642
232,570,723,673,597,643
232,570,723,673,597,643
233,570,723,673,599,643
234,570,723,673,599,643
234,569,724,673,600,644
235,570,724,674,600,644
235,570,724,674,600,644
236,570,725,674,601,645
238,570,723,673,601,645
236,571,724,674,602,645
237,571,724,674,603,645
238,571,724,676,602,646
238,571,724,674,603,644
239,570,725,674,602,644
239,571,725,675,602,643
239,571,724,675,601,643
240,571,725,675,600,643
240,571,725,675,599,643
241,571,725,675,597,643
241,572,724,676,597,643
242,572,725,676,596,643
243,572,725,675,595,643
244,572,726,676,595,643
244,573,725,676,595,643
244,572,726,676,593,644
244,572,726,676,593,643
245,572,726,677,594,642
246,572,727,677,591,642
246,572,726,676,590,642
245,572,725,676,591,641
245,572,725,677,590,641
245,573,726,676,590,641
245,574,726,678,589,641
245,573,726,677,589,640
246,573,726,677,589,640
246,573,726,677,589,640
246,573,726,677,590,640
246,573,726,677,590,640
246,573,726,677,590,639
246,573,727,677,589,639
246,573,726,678,590,640
247,573,726,678,591,639
247,574,726,678,591,640
247,574,726,678,591,640
247,573,727,678,592,640
247,574,727,678,592,640
247,574,726,678,593,640
248,574,727,678,594,641
249,574,727,679,593,641
248,575,726,678,594,641
247,574,726,679,595,641
249,575,727,679,596,642
248,575,727,679,597,641
249,575,727,679,597,642
248,575,727,679,598,642
249,574,727,679,598,642
249,575,727,679,599,642
248,575,727,679,601,642
249,575,728,679,602,641
249,575,727,680,601,642
250,575,728,679,602,642
250,575,728,680,603,642
250,576,727,680,604,643
250,576,728,680,605,642
250,576,728,680,605,642
251,575,728,681,606,642
251,576,729,680,606,643
251,575,728,681,608,643
253,576,728,681,608,643
253,575,729,681,609,643
254,576,730,681,610,643
254,576,728,681,610,644
254,576,728,681,611,643
254,576,728,682,612,643
254,576,728,682,612,643
255,576,728,682,613,644
255,577,729,682,614,644
255,577,728,682,614,645
256,577,729,683,615,645
256,577,728,683,616,645
256,576,728,683,616,645
257,577,729,683,617,645
257,577,730,683,617,646
258,577,728,682,618,646
258,577,729,683,619,647
258,577,729,684,620,646
258,577,729,684,620,647
258,577,729,683,621,648
259,577,730,683,621,648
259,577,729,684,622,648
259,577,729,684,623,648
260,577,729,684,624,648
261,577,729,685,624,648
260,578,729,685,625,648
261,578,730,684,626,649
261,578,730,684,626,649
261,579,729,684,627,650
262,578,730,685,628,650
262,578,730,684,628,651
263,578,730,685,629,650
263,579,730,685,630,650
263,578,730,685,631,651
263,579,730,685,631,651
265,579,731,685,632,651
265,579,730,686,632,652
265,579,730,686,633,652
265,580,730,686,634,653
266,580,730,686,635,652
266,579,731,686,636,652
266,580,730,687,636,653
266,580,731,686,637,653
267,579,730,687,638,653
267,580,731,687,639,654
268,580,731,687,639,654
268,580,731,687,639,654
268,581,730,686,640,655
268,580,731,687,641,655
269,580,730,687,642,655
269,581,731,687,643,655
269,581,731,688,643,655
270,581,731,688,643,656
270,581,731,687,644,656
270,580,731,688,644,656
270,580,731,689,645,656
271,581,732,688,646,657
271,581,731,688,646,657
271,581,731,689,647,657
271,581,731,689,647,658
272,581,731,689,649,657
272,581,731,689,648,659
272,582,731,690,649,658
272,581,732,689,650,659
272,581,732,689,650,658
273,581,732,690,651,658
273,582,732,689,651,659
274,582,732,690,652,660
274,582,731,690,653,659
274,582,731,690,652,659
275,582,733,689,654,660
275,581,734,690,654,660
276,582,732,690,654,660
275,582,732,691,655,661
275,582,732,691,655,661
276,582,732,691,655,662
276,582,732,692,655,662
277,583,732,691,656,663
277,583,732,691,657,662
277,583,732,692,657,662
278,582,732,691,658,663
278,582,732,691,658,663
279,582,733,691,658,663
278,582,732,692,660,663
279,582,732,692,659,664
280,582,732,692,660,664
280,582,732,692,660,664
279,582,732,692,661,664
280,582,733,692,662,664
281,583,732,692,662,664
281,583,733,692,662,665
281,583,732,692,663,666
282,582,732,692,663,666
282,583,733,692,664,666
282,582,732,692,664,666
282,583,733,693,665,666
283,583,734,693,665,667
283,582,732,693,665,667
283,582,732,693,666,668
283,583,733,693,666,668
284,583,733,693,667,668
284,584,733,693,667,668
284,583,733,693,667,668
285,583,733,694,668,670
285,583,732,694,668,669
285,584,733,694,668,670
285,584,733,693,669,670
286,583,733,693,669,671
285,582,733,694,670,671
286,583,733,694,670,671
286,583,733,694,672,671
286,583,733,695,670,673
286,583,733,695,672,673
286,584,733,695,672,673
286,584,733,695,672,673
286,584,733,695,672,673
286,584,733,695,673,675
287,584,733,695,673,675
287,584,733,695,674,675
288,584,734,694,674,675
288,584,733,695,674,676
288,584,734,695,674,677
288,584,734,695,675,677
289,584,733,695,675,678
289,584,734,695,677,678
290,584,734,695,677,679
291,584,734,695,677,680
290,584,734,696,677,680
291,584,734,696,677,681
291,584,734,696,678,682
292,584,734,696,678,682
292,584,734,696,679,684
292,584,733,696,679,684
293,584,735,696,679,685
293,584,734,696,680,686
294,584,735,696,680,687
294,584,734,696,680,688
294,584,734,696,680,689
294,585,734,696,682,690
295,585,734,696,681,691
295,585,734,697,682,692
296,585,734,697,682,693
296,584,735,696,682,694
297,584,733,697,682,695
297,585,734,697,683,696
297,585,734,698,683,698
298,585,734,698,684,699
298,585,734,697,684,698
299,585,734,698,685,700
298,586,734,697,685,700
299,585,734,697,685,701
299,584,734,698,685,701
299,585,734,698,685,702
299,585,734,698,686,703
300,585,735,698,686,703
300,585,734,698,686,704
300,585,734,699,686,705
301,585,734,699,687,705
301,585,735,699,686,705
301,585,735,699,687,706
302,585,735,699,687,706
302,586,734,699,689,705
302,586,735,699,688,706
303,585,734,699,688,706
303,586,735,700,689,705
303,585,735,699,689,705
303,586,735,699,689,705
304,585,735,699,689,705
304,586,735,700,690,704
304,585,735,700,690,703
305,585,735,700,690,703
305,586,735,700,690,703
305,586,735,700,691,702
305,587,735,700,691,701
306,586,734,701,691,701
306,586,735,701,692,699
306,586,735,701,692,700
306,586,735,701,693,698
307,586,735,701,693,698
307,586,735,701,694,696
307,586,736,701,693,696
308,586,735,701,694,694
308,586,735,701,694,693
308,587,735,702,694,691
308,586,736,702,694,689
308,586,736,702,695,688
309,586,735,702,696,686
309,587,735,702,696,684
310,587,736,702,696,683
310,586,735,702,697,681
310,587,735,703,696,680
310,586,736,702,697,677
311,587,736,702,696,676
310,586,736,702,697,674
311,587,736,702,697,673
310,587,735,703,698,670
310,587,735,703,698,669
310,587,736,704,698,669
310,588,735,704,699,667
310,588,736,705,699,665
310,587,736,704,699,664
310,587,735,704,699,663
310,587,735,704,700,662
310,587,735,704,700,661
310,587,736,704,700,661
310,587,736,704,701,660
310,587,736,704,701,659
310,588,736,704,702,659
310,587,736,704,701,658
310,587,735,705,703,658
310,588,736,705,703,657
309,587,736,705,703,656
310,588,735,705,703,656
310,587,735,704,703,656
311,588,736,705,704,655
310,588,736,704,704,655
309,588,735,705,704,655
309,588,736,705,704,656
309,588,736,705,705,654
309,588,735,705,705,653
310,588,735,705,705,653
309,589,736,705,705,653
309,588,735,705,705,653
309,588,736,705,706,653
309,588,735,705,706,653
309,588,736,706,707,653
309,589,735,705,707,653
309,588,736,706,707,653
309,588,736,706,707,653
309,588,735,706,707,653
310,588,736,706,707,653
309,588,737,706,708,654
310,588,736,706,707,654
310,588,736,706,708,654
310,588,736,707,708,654
310,588,736,706,708,654
310,589,736,707,709,655
310,589,736,707,709,654
311,588,736,706,710,654
311,589,735,708,709,655
311,589,736,708,710,655
311,588,736,707,711,655
311,589,736,707,710,655
311,588,736,707,711,656
311,588,737,707,711,655
311,588,737,708,711,656
312,589,736,708,711,657
311,588,737,707,711,656
312,589,736,708,712,657
312,589,736,708,712,657
313,589,737,708,712,657
313,589,737,709,712,657
313,589,736,708,712,658
314,589,737,709,712,658
314,589,736,709,713,658
313,589,736,709,713,659
314,589,736,709,713,658
314,589,736,708,714,658
314,589,736,709,714,658
315,589,736,709,714,659
316,589,736,709,715,660
315,590,736,709,715,659
316,589,737,710,714,660
317,590,736,711,715,659
316,589,737,709,715,660
317,589,736,709,715,659
317,589,736,710,715,660
317,589,736,710,716,660
318,590,737,710,715,660
318,590,737,710,716,661
318,589,737,710,717,660
319,589,736,710,717,661
319,590,736,710,717,661
319,590,737,710,717,661
319,589,737,711,717,661
319,590,737,710,717,661
320,590,736,711,718,661
320,590,737,711,718,661
320,590,737,711,718,662
321,590,737,711,718,662
322,590,738,711,718,662
321,590,736,711,719,662
321,590,737,711,718,662
322,590,738,711,719,662
322,591,736,712,719,662
321,591,737,712,719,662
321,590,737,711,720,662
322,590,736,712,720,662
320,591,736,712,720,663
320,591,737,712,720,663
320,590,736,712,721,663
320,590,737,712,721,663
319,590,737,712,722,664
319,591,736,712,722,663
320,591,737,712,722,664
319,591,737,713,723,665
319,591,737,713,723,665
319,591,737,713,723,665
320,591,737,713,724,666
320,591,737,712,724,666
320,591,737,713,724,665
320,591,737,713,724,665
321,591,737,713,725,666
321,592,737,714,725,665
322,591,737,713,726,665
322,591,736,713,726,666
321,591,737,713,726,667
322,591,737,714,727,667
322,591,737,714,727,666
322,591,737,714,727,667
322,591,737,713,727,667
322,591,737,714,727,667
323,591,737,714,727,667
323,591,737,714,728,668
324,591,737,714,729,668
324,592,737,714,728,668
324,591,737,714,729,668
324,591,737,715,728,668
325,591,737,714,730,669
325,591,737,714,731,669
324,592,737,715,729,669
325,592,737,715,729,669
326,591,738,715,730,669
326,592,737,715,730,669
326,592,737,715,730,669
326,592,737,715,731,670
327,592,737,715,730,670
327,592,737,715,731,670
327,592,737,715,731,670
327,592,737,715,731,671
327,592,737,715,731,671
328,592,737,715,732,670
328,592,737,716,732,670
328,592,737,715,732,671
328,592,737,716,733,671
330,592,738,716,732,671
329,592,737,716,733,671
330,592,737,717,733,671
329,593,737,716,734,672
330,592,737,716,733,672
329,593,737,716,734,672
330,593,737,717,733,672
330,593,737,717,734,672
330,593,737,717,734,673
330,593,737,717,734,672
331,593,737,717,734,673
331,593,737,717,735,673
331,593,737,717,735,673
331,593,738,718,735,673
331,592,737,718,735,674
331,593,738,717,735,673
331,593,737,717,735,674
332,593,737,718,736,675
332,593,737,717,736,675
332,593,737,718,736,675
333,593,738,718,736,675
332,593,737,718,736,674
333,593,738,718,736,674
333,593,738,718,736,675
333,593,738,718,737,675
333,594,737,718,737,675
334,593,738,719,737,676
334,593,738,719,737,675
334,594,737,718,737,675
334,594,737,719,738,677
334,593,738,719,738,676
334,594,737,719,738,676
334,594,737,719,738,677
335,594,738,719,738,676
335,594,737,719,739,676
335,594,738,719,739,677
335,594,738,719,739,677
336,593,738,719,739,677
336,594,738,720,739,678
336,593,737,720,739,678
336,594,738,719,739,677
336,593,738,720,740,677
336,594,738,721,739,679
337,594,737,721,740,679
336,594,737,720,740,678
336,594,737,720,740,678
337,594,737,720,740,678
338,594,738,720,740,678
338,593,737,720,741,678
338,594,737,720,740,678
337,594,737,720,740,678
338,594,737,720,741,678
337,594,737,720,741,678
338,593,737,721,741,678
337,594,737,720,741,679
338,594,737,721,741,678
338,594,737,721,741,678
338,594,737,721,742,678
338,594,737,721,742,678
339,594,737,721,742,678
339,594,737,721,742,677
340,594,737,721,742,678
339,594,737,722,743,678
339,594,737,721,743,678
340,594,737,721,743,678
339,594,738,722,743,678
340,594,737,722,743,678
339,594,737,721,743,679
340,594,737,722,743,678
340,594,737,723,743,678
340,594,736,722,743,678
340,594,737,722,744,679
340,594,737,722,744,679
340,594,737,722,744,679
341,594,738,722,744,679
341,594,737,722,745,679
341,594,737,722,745,679
342,594,737,723,744,679
341,594,737,722,745,679
342,594,737,723,745,679
342,595,737,723,745,679
342,594,737,723,745,679
342,594,737,723,746,680
342,595,737,723,745,680
342,594,737,723,746,680
343,594,736,723,745,680
343,595,737,723,745,680
343,595,737,723,746,681
344,594,737,723,746,680
343,594,737,724,746,680
344,595,737,723,747,681
344,594,737,724,746,681
344,594,737,724,747,680
345,594,739,724,747,681
346,594,737,724,746,681
345,594,738,724,747,681
345,594,738,724,749,681
345,594,738,724,749,681
345,594,737,724,748,681
346,593,737,725,748,681
346,594,737,724,748,681
346,594,737,724,750,681
346,594,737,724,748,682
346,593,737,725,748,682
346,593,737,724,748,682
347,594,737,724,749,681
347,593,737,724,749,682
347,593,737,725,749,682
347,593,738,724,750,682
347,593,737,725,749,682
348,593,737,725,750,682
348,593,737,725,750,682
348,593,738,725,750,682
348,593,738,725,750,683
349,593,738,725,750,683
348,592,737,725,750,683
349,593,737,725,751,683
349,592,738,725,751,683
349,592,738,725,750,683
349,592,737,725,751,684
350,592,737,725,751,684
350,592,737,725,751,684
350,593,737,725,751,684
350,592,737,726,752,684
350,592,737,726,752,684
351,593,737,726,752,684
351,592,737,727,752,684
351,592,737,726,753,684
352,592,737,726,753,685
351,592,737,726,753,685
352,592,737,727,753,686
352,592,737,727,753,687
352,592,737,726,753,686
351,592,737,726,754,686
352,591,737,727,753,686
352,591,737,726,754,686
353,591,737,726,754,687
352,591,737,726,754,687
352,591,737,726,754,687
353,591,737,726,754,687
352,592,737,726,754,687
353,591,737,726,755,688
354,591,737,727,755,688
355,591,738,727,755,688
353,591,737,727,755,689
353,591,737,727,755,689
355,591,738,727,754,689
354,591,737,727,756,690
354,591,737,727,755,690
354,590,737,726,755,690
354,591,737,726,756,690
354,591,737,727,757,690
355,590,736,726,756,691
354,590,737,727,756,691
354,591,737,726,757,692
355,591,737,727,757,693
355,590,737,727,756,693
355,591,737,726,757,693
355,590,737,727,757,694
355,590,737,726,758,695
355,590,737,726,757,696
355,591,737,727,757,696
356,590,737,727,757,697
356,591,737,726,758,697
356,592,737,727,758,698
356,591,737,727,758,699
356,591,737,727,758,700
356,592,737,728,758,701
356,591,737,726,759,702
357,590,737,726,759,703
356,591,737,726,759,704
357,590,737,727,759,706
357,591,737,726,758,708
357,590,737,726,759,708
357,590,737,727,759,709
357,591,736,727,759,711
357,591,737,727,759,712
358,590,736,726,759,714
358,591,737,726,760,715
358,591,736,726,760,717
358,590,737,727,760,718
359,590,737,727,759,719
359,590,737,727,761,720
359,590,737,727,761,722
359,590,737,727,760,722
359,591,736,727,760,724
359,590,737,727,761,724
359,590,736,727,761,725
359,590,736,727,760,725
359,590,737,727,761,726
359,590,736,727,761,726
359,590,737,726,761,726
360,590,736,727,761,727
360,590,737,727,761,727
360,590,736,727,761,727
360,590,737,726,762,728
360,590,736,727,762,727
360,591,736,727,762,727
360,590,736,727,762,727
360,590,737,727,762,727
360,590,737,727,762,728
361,590,736,727,762,726
361,589,736,727,761,726
362,590,736,727,763,725
361,590,736,727,763,724
361,590,736,727,762,724
361,590,736,727,763,722
363,590,737,727,762,721
362,590,736,727,762,720
361,590,736,727,763,718
361,589,736,727,763,717
362,590,737,727,765,715
362,590,736,727,764,714
362,590,736,727,764,712
362,590,736,727,764,710
362,590,736,727,764,709
362,590,736,727,764,707
363,590,736,727,764,705
363,590,736,727,765,704
363,590,736,727,764,702
363,589,736,727,764,701
363,590,736,728,765,699
363,590,736,727,765,698
363,590,736,727,765,697
363,591,736,728,765,695
363,590,736,727,765,694
363,590,736,727,766,693
364,589,736,728,766,692
364,590,736,727,766,691
364,590,737,727,766,690
364,590,736,727,767,689
364,590,736,727,766,688
364,589,736,727,767,687
364,589,736,728,766,686
365,589,736,727,767,685
364,589,736,727,767,685
364,589,736,727,767,684
364,588,736,727,767,682
365,589,736,727,768,682
365,588,736,727,767,682
365,589,736,727,768,681
365,589,735,727,768,680
365,589,735,727,767,679
367,589,735,727,768,679
366,588,737,727,768,678
366,588,736,727,768,678
366,588,735,727,769,677
366,588,735,727,769,677
366,587,735,727,769,677
367,588,735,727,769,676
366,588,735,727,769,676
367,589,735,728,769,675
367,588,735,727,770,675
367,588,735,727,769,675
367,587,735,726,770,674
367,588,735,726,770,674
367,587,736,726,770,673
368,587,735,726,770,673
368,587,735,726,770,673
369,587,735,726,770,673
368,587,735,726,771,672
368,587,735,726,771,672
368,588,735,725,772,672
368,588,735,725,771,671
368,587,735,724,771,671
368,587,734,725,771,671
369,588,735,724,772,671
369,587,735,725,771,671
369,587,735,725,772,670
369,588,734,725,772,670
369,587,735,725,771,671
370,587,735,724,772,670
369,587,735,724,772,670
369,588,735,724,771,670
370,587,734,724,772,669
370,587,735,725,771,669
370,587,734,725,772,668
370,587,735,724,772,669
371,587,734,724,773,668
370,586,735,724,772,668
371,586,734,724,773,668
371,588,734,723,773,667
371,587,734,724,772,668
371,586,734,724,772,668
371,587,734,725,772,669
371,586,735,724,773,668
371,586,735,724,773,667
372,586,735,724,772,667
372,586,734,725,773,667
372,586,735,724,773,667
373,586,735,723,774,667
372,586,735,724,774,667
372,586,734,724,773,666
373,586,735,724,773,667
373,586,735,724,773,667
374,586,735,724,773,666
374,586,734,724,774,666
374,586,734,724,774,666
374,587,735,725,774,668
374,586,735,724,774,666
374,586,735,724,774,667
374,587,734,724,774,666
374,586,735,724,774,666
375,587,734,723,774,666
375,587,734,724,775,666
375,586,734,724,774,666
374,586,735,725,774,666
375,586,734,723,775,666
375,586,735,723,774,666
375,586,734,724,774,666
375,586,735,723,774,665
375,587,734,724,774,666
375,586,734,724,774,666
376,586,734,724,774,665
376,587,734,723,774,665
377,586,736,723,774,665
377,586,735,724,775,664
376,587,734,723,774,664
376,586,735,724,773,664
377,587,735,723,774,665
377,586,734,724,773,664
378,588,734,723,774,664
376,587,735,724,773,664
377,587,734,724,773,664
377,587,734,724,774,664
378,588,734,724,774,664
378,588,735,724,773,663
378,588,735,724,774,663
378,588,734,724,773,663
378,588,734,724,774,663
378,588,734,724,773,663
378,588,734,724,774,663
378,588,735,724,774,663
378,590,735,724,774,663
378,590,734,725,774,662
379,589,734,725,774,664
379,589,735,725,774,664
378,589,735,725,774,662
379,589,735,725,774,662
378,589,734,725,774,663
379,589,734,724,775,662
379,590,735,725,775,662
379,589,735,725,774,663
378,590,735,725,774,662
378,591,734,726,774,662
378,591,735,726,774,662
379,590,735,725,775,661
378,590,735,725,774,662
379,590,735,726,775,662
378,591,735,726,774,664
379,591,735,725,774,661
379,591,735,726,774,662
379,591,735,727,774,662
379,591,735,726,774,661
379,591,736,726,774,661
379,592,736,726,776,661
378,592,735,726,775,662
378,592,735,726,775,661
378,592,735,727,775,662
378,593,735,727,775,661
378,592,735,726,775,661
379,593,735,726,775,662
377,592,735,726,775,661
378,593,735,727,774,662
378,593,734,727,775,662
377,593,735,727,775,661
377,593,735,727,775,662
378,593,736,726,776,661
377,594,735,727,775,661
377,594,735,727,776,662
377,593,736,727,775,661
378,594,735,727,776,661
378,594,735,727,775,661
378,594,735,727,775,661
377,595,735,728,776,662
377,595,735,727,775,662
377,595,734,727,776,662
378,595,736,727,775,661
377,595,735,728,776,661
377,595,735,728,776,661
376,595,736,728,777,661
377,595,735,728,777,661
376,595,735,728,776,661
376,595,736,728,777,661
376,595,735,728,776,661
376,596,735,728,777,661
376,596,735,727,776,661
376,596,735,728,776,662
377,596,735,728,777,662
376,596,736,728,777,661
376,596,736,728,777,662
376,597,735,728,777,662
376,596,735,729,777,661
376,596,735,729,777,661
376,597,735,729,777,661
376,597,735,729,777,661
376,597,736,728,777,662
376,597,735,729,777,663
375,597,735,729,777,662
376,597,735,729,778,662
375,598,735,729,778,662
376,597,736,730,779,662
375,598,736,729,778,662
375,597,736,729,778,662
375,599,736,729,778,662
375,598,736,731,778,662
375,598,735,730,778,663
375,598,736,729,779,662
375,598,736,730,778,663
375,598,735,730,779,662
376,598,736,730,779,662
375,598,736,731,779,663
375,599,736,730,779,663
375,598,735,730,779,662
375,598,736,730,779,662
375,598,736,730,779,662
375,599,736,730,779,663
375,599,735,731,779,662
375,599,735,731,780,663
375,599,736,731,779,663
375,599,735,731,780,663
375,599,736,731,780,663
374,599,736,732,781,663
375,600,736,731,780,663
374,599,736,730,780,663
374,600,736,732,780,663
374,600,735,732,780,663
375,600,735,732,781,663
374,600,735,731,781,663
374,599,736,732,780,663
375,599,737,732,781,663
374,600,736,732,781,664
374,600,736,732,781,664
375,600,736,732,781,663
374,601,736,732,781,664
374,600,736,732,781,663
374,600,735,733,781,664
374,600,736,733,781,664
374,600,736,732,782,664
374,600,736,733,781,664
374,600,737,733,782,664
375,600,737,733,782,664
374,600,736,733,782,664
374,600,736,733,782,664
374,600,736,733,781,664
374,600,736,733,782,664
374,601,736,733,782,664
374,601,736,733,782,664
374,601,736,734,782,664
374,601,736,734,782,664
374,601,736,734,782,664
374,601,736,734,782,665
374,601,736,734,783,665
374,600,736,734,782,664
374,601,736,734,783,665
374,601,736,735,782,664
375,601,738,734,782,665
374,601,736,734,783,665
374,601,736,734,783,665
375,601,737,734,782,665
374,600,737,735,783,665
374,601,736,735,783,665
374,601,736,735,784,665
374,601,736,735,783,665
374,601,736,735,784,666
374,601,736,735,783,665
374,601,736,735,783,666
374,601,736,735,784,666
375,601,736,736,783,666
374,601,736,735,784,666
374,601,737,736,784,666
374,600,737,736,784,666
374,600,737,736,784,666
374,601,737,736,785,666
374,600,737,736,784,664
374,600,736,737,785,663
374,600,736,737,785,662
375,600,736,737,785,662
374,600,737,736,784,661
374,600,736,736,784,661
374,600,737,736,784,659
374,600,737,736,784,658
374,600,737,736,784,658
373,600,737,736,783,657
374,600,736,736,783,655
372,600,736,737,784,655
371,601,736,736,783,653
369,600,736,736,783,653
368,600,736,736,783,652
367,601,736,736,783,651
366,600,736,736,783,651
364,601,736,736,783,651
363,600,736,736,783,650
361,601,736,735,783,650
361,601,737,736,784,650
359,601,736,736,783,649
358,601,736,736,783,649
357,602,736,737,782,650
356,601,736,736,783,650
355,601,736,737,783,648
355,600,737,736,783,649
353,601,736,736,783,648
352,600,737,736,782,649
352,601,736,736,783,648
351,601,736,737,783,649
351,601,737,737,782,648
350,601,736,737,782,649
350,601,736,736,783,647
349,601,737,736,781,648
348,601,736,737,782,648
348,601,737,737,782,648
348,601,737,737,782,648
347,601,736,737,782,647
347,602,736,738,781,648
347,601,736,737,782,648
347,601,736,736,782,648
346,601,736,737,782,648
347,601,737,737,782,648
346,601,736,737,782,648
346,602,736,736,782,649
346,601,736,737,783,648
346,601,736,737,783,648
345,601,736,737,783,649
346,601,735,737,782,648
345,601,736,737,782,649
345,601,736,736,782,649
345,601,736,736,783,649
345,601,735,737,783,649
345,601,736,737,783,649
345,601,736,737,783,650
344,601,736,737,783,650
346,601,736,737,783,650
345,601,736,737,784,650
345,602,736,737,784,650
344,601,736,737,784,651
344,601,735,738,784,650
345,602,736,737,785,651
345,601,735,737,785,651
345,601,735,737,785,652
346,601,735,737,785,651
345,601,736,738,786,652
345,601,736,737,786,652
345,601,736,737,785,652
346,601,735,737,786,653
346,601,735,737,786,653
346,601,735,738,785,653
346,601,736,738,786,654
346,601,736,738,787,654
346,601,735,738,786,654
346,602,736,737,786,654
347,601,735,739,786,655
347,601,735,738,786,655
347,601,735,738,787,655
347,601,736,738,788,655
347,601,735,738,787,656
347,601,736,738,786,656
348,601,736,738,788,656
348,601,735,738,788,656
347,601,736,738,787,656
348,601,736,738,787,656
348,601,737,738,788,656
347,601,736,739,788,657
348,601,736,739,788,657
348,601,736,739,789,656
348,601,736,739,789,657
348,602,736,739,789,659
348,602,736,739,789,657
348,602,735,739,789,657
349,601,736,739,790,657
348,601,736,740,790,658
348,601,736,739,790,658
348,602,736,740,790,659
348,602,736,740,791,658
349,602,736,740,790,658
348,601,736,740,791,659
348,602,736,740,791,659
348,602,737,740,791,660
348,602,737,740,792,660
348,602,736,741,792,660
348,601,736,741,791,661
348,602,736,741,792,660
348,602,737,741,792,660
348,602,736,741,792,661
348,603,737,741,793,661
348,602,736,742,793,661
348,602,737,741,793,662
349,602,736,742,793,662
349,602,738,742,794,662
349,602,737,742,794,662
348,603,736,742,794,662
349,602,736,742,794,663
349,602,737,742,794,663
349,602,737,743,794,663
349,602,736,743,795,663
349,602,737,743,794,664
349,602,737,743,794,664
350,603,737,743,794,664
350,602,737,744,795,665
349,602,737,743,795,665
349,602,737,743,795,664
350,603,737,743,795,665
350,603,737,744,796,665
349,602,737,743,796,665
350,603,737,744,795,665
350,602,737,744,796,666
351,603,737,744,796,666
351,603,737,745,795,666
351,602,737,745,796,667
351,602,737,745,796,667
351,603,737,745,796,667
351,603,737,745,797,667
351,602,737,745,797,667
351,602,737,746,797,668
351,603,738,745,797,668
351,603,737,746,797,669
352,602,737,746,798,669
351,603,737,746,797,669
353,602,737,747,798,669
352,603,737,746,798,670
353,603,737,747,798,670
353,603,737,747,798,670
352,603,737,747,799,670
352,602,737,748,798,670
353,603,737,748,798,671
353,603,737,749,798,671
354,603,737,749,799,671
353,603,737,748,799,671
353,603,737,749,799,672
353,603,737,749,799,672
354,603,738,751,799,672
353,603,737,749,799,672
354,603,738,750,799,672
354,603,737,750,800,673
354,603,738,750,800,673
354,603,737,750,800,673
354,603,738,751,800,673
354,604,738,752,800,675
355,603,737,752,800,674
355,603,738,752,800,674
354,603,738,752,800,674
355,603,738,752,801,675
355,603,738,752,801,674
355,603,738,753,801,674
357,603,738,753,800,675
355,604,737,753,801,675
355,603,738,754,801,675
356,603,738,754,801,676
356,603,738,754,802,676
356,603,738,754,802,677
357,603,737,754,802,676
357,603,739,755,803,677
356,603,738,755,802,676
357,604,738,755,803,676
356,603,738,756,803,677
357,603,738,756,802,677
357,603,738,756,803,678
357,603,738,757,803,677
357,603,738,757,803,677
358,603,738,757,804,678
357,603,738,758,804,679
357,603,738,758,804,678
358,603,738,759,804,679
358,603,737,760,804,678
358,603,738,759,805,678
358,603,738,759,805,679
358,603,738,760,804,679
358,603,737,760,805,679
359,603,739,760,805,680
359,603,738,760,805,680
358,603,738,761,806,680
359,603,738,761,806,680
359,603,738,762,805,680
362,605,739,760,808,682
362,605,739,763,807,682
362,605,738,764,805,682
360,604,739,764,802,680
358,604,739,764,800,678
355,602,740,763,798,675
350,602,738,757,795,673
346,602,738,762,793,669
340,600,738,761,790,665
335,600,738,760,787,662
330,599,737,756,784,658
325,599,736,754,782,654
321,598,736,751,778,651
317,598,735,749,775,648
312,597,736,751,772,645
311,597,736,749,769,643
307,596,734,751,766,640
304,597,733,747,764,638
302,595,731,747,761,636
300,594,731,744,758,634
298,594,730,745,755,632
295,593,729,746,752,631
293,592,729,746,750,629
292,592,727,744,747,627
289,591,727,743,745,626
287,591,726,743,741,625
285,590,725,744,739,623
283,590,724,742,736,622
282,589,723,742,734,621
280,588,725,740,731,619
277,589,722,739,729,617
276,588,722,735,726,617
275,587,722,731,724,615
273,587,721,730,722,615
272,586,721,730,719,613
270,586,720,730,717,612
269,585,720,730,715,610
267,585,719,731,712,610
266,584,718,731,710,609
266,583,718,731,708,608
263,583,717,731,706,606
262,582,716,731,704,605
261,582,716,730,701,604
260,581,715,731,699,603
258,581,714,731,697,602
258,581,714,732,695,601
259,581,713,731,693,601
261,582,713,732,691,600
265,583,713,733,689,600
271,584,713,733,687,599
271,584,713,733,687,598
272,584,713,733,685,598
273,585,714,732,684,598
273,585,713,732,684,597
273,586,713,732,683,598
273,586,713,731,683,598
274,586,713,730,684,598
273,586,713,726,685,599
272,588,713,729,685,601
270,587,712,728,686,601
269,587,711,727,687,603
267,587,711,726,688,603
266,587,711,726,688,604
266,588,711,727,688,605
267,588,711,726,688,607
267,588,712,726,688,607
265,588,711,725,689,608
264,587,711,725,689,608
265,588,711,725,689,609
265,588,711,725,689,609
263,588,711,725,689,609
261,586,711,724,688,609
261,586,710,725,688,609
260,586,711,724,688,610
260,586,711,724,688,610
261,586,712,724,689,610
259,586,711,724,688,610
259,586,711,723,688,610
259,585,711,725,688,612
259,585,711,724,688,611
258,585,711,723,689,611
258,585,712,724,688,611
258,584,712,724,688,612
258,585,712,724,689,612
257,585,712,724,688,612
257,585,714,724,689,612
257,584,713,724,687,613
257,584,713,723,687,613
257,584,712,724,688,613
257,584,714,724,688,613
256,584,713,723,687,614
256,584,713,723,687,613
257,583,713,724,687,614
256,584,714,723,687,614
257,584,714,723,686,615
256,584,714,723,687,614
256,584,713,723,686,615
256,583,713,723,686,614
256,583,713,723,686,614
256,583,714,723,685,615
256,583,714,723,686,615
256,583,713,723,685,615
255,583,714,723,685,616
256,583,713,723,685,615
255,583,713,723,685,615
255,583,714,723,684,615
255,583,714,723,684,616
254,583,714,723,684,616
255,583,714,723,684,616
255,583,714,722,684,616
256,584,714,723,684,616
255,583,714,722,684,616
255,583,714,723,683,616
255,583,714,722,683,617
255,583,714,722,683,616
255,584,714,723,683,616
255,583,714,722,683,617
256,583,714,722,682,617
255,583,714,722,682,617
255,583,713,721,682,617
254,582,714,722,682,617
256,582,713,722,681,617
255,582,714,722,682,617
254,582,714,722,681,618
255,582,714,723,681,618
254,582,714,722,681,617
255,582,714,722,682,618
254,581,714,722,681,618
254,582,714,722,681,618
254,582,714,722,681,618
253,581,714,722,680,618
254,581,714,722,681,619
254,581,714,722,680,618
254,582,713,722,681,619
254,581,714,722,680,619
254,581,714,721,681,619
253,581,714,722,680,619
253,581,714,721,680,619
253,581,714,721,680,619
254,581,715,721,680,619
254,581,714,722,679,619
253,582,714,723,680,620
253,581,714,721,679,619
254,580,715,721,680,619
253,580,714,721,680,619
253,582,714,722,680,619
253,580,714,721,679,620
253,580,714,721,679,619
253,580,714,721,679,619
253,580,714,721,679,619
253,580,714,721,679,620
253,580,714,721,679,620
253,580,715,720,678,620
253,579,715,721,679,619
253,580,714,721,679,620
253,580,715,721,679,620
253,580,714,721,678,620
253,580,715,720,679,620
253,580,715,722,679,621
253,579,715,721,679,621
253,580,715,720,679,621
253,580,715,720,679,621
253,580,715,721,679,620
254,580,715,721,678,620
253,580,715,720,679,621
253,580,715,721,679,620
253,580,714,721,679,621
254,580,716,721,679,621
253,580,714,721,679,621
253,580,715,721,679,621
253,580,716,720,679,621
254,581,716,721,680,621
253,581,715,721,679,621
253,580,715,720,680,621
253,580,715,721,680,620
253,582,715,720,680,621
253,581,715,720,680,621
253,581,715,721,679,622
252,581,715,721,679,621
253,581,715,721,680,621
253,580,715,720,680,621
253,581,716,721,680,621
253,581,715,720,680,621
253,581,716,720,680,621
253,582,716,720,680,621
253,581,716,721,679,622
253,582,715,720,680,622
253,582,716,720,681,621
253,582,716,720,680,621
253,582,716,721,680,622
253,582,716,720,680,622
253,582,716,720,680,621
253,581,716,720,680,621
253,582,717,721,680,621
253,582,716,720,680,621
253,582,716,720,680,622
253,582,716,720,680,621
253,582,717,720,681,621
253,582,717,720,680,621
253,583,716,720,681,621
253,583,716,720,681,621
253,583,716,720,681,621
253,582,717,720,681,621
252,583,717,720,681,621
253,584,717,720,681,620
253,583,717,720,681,621
253,583,718,720,681,621
253,584,718,720,681,621
253,584,717,720,682,621
253,583,717,720,682,621
253,584,717,720,682,621
253,583,717,720,682,621
253,584,717,720,682,621
253,584,718,720,682,621
253,584,717,720,683,621
253,584,718,720,683,621
253,585,718,721,683,621
252,584,718,721,683,621
253,584,718,720,684,622
253,584,719,720,684,621
253,585,718,720,684,621
253,585,719,720,684,622
254,584,718,720,684,621
254,584,718,719,685,621
253,585,719,720,685,621
254,585,718,720,685,621
254,585,719,720,685,622
253,585,719,720,686,621
253,587,719,720,686,622
254,585,719,720,686,622
254,586,720,720,688,622
253,586,719,720,686,622
254,587,719,721,687,621
254,586,719,720,687,622
254,586,719,720,687,622
254,586,719,720,688,622
253,587,720,720,688,623
254,587,719,721,688,623
254,587,720,720,689,622
254,587,719,720,689,623
254,587,720,720,689,623
254,587,720,721,690,623
254,587,720,721,689,623
254,587,720,720,690,623
255,588,720,721,690,624
255,588,721,720,691,624
255,588,720,720,691,624
254,588,721,721,690,624
255,589,720,720,691,625
254,588,721,720,691,625
255,589,721,720,691,625
255,588,721,720,691,625
255,589,721,720,692,625
255,589,721,721,692,625
255,589,721,722,692,626
255,589,721,721,692,625
255,590,722,721,693,625
255,590,722,720,693,626
255,590,721,721,693,626
255,590,722,721,693,627
256,590,722,721,694,627
255,591,722,721,693,627
255,591,722,721,693,627
257,591,722,721,693,628
256,591,722,722,693,627
256,591,723,721,693,628
256,591,722,722,694,627
256,592,722,722,694,628
256,591,723,721,694,628
256,591,723,721,694,628
257,591,722,721,694,628
258,591,724,722,694,628
257,591,723,722,694,628
257,592,723,722,695,628
257,592,723,722,695,629
257,593,723,722,695,629
258,592,723,722,695,629
257,592,724,722,695,629
258,593,724,722,695,629
257,593,724,722,696,630
258,592,724,722,696,630
258,593,724,722,696,629
258,593,724,722,696,630
258,593,724,723,696,630
259,593,724,722,697,630
259,594,724,722,697,630
259,594,724,722,699,630
259,593,724,722,697,631
260,594,724,723,698,630
260,593,724,723,698,631
260,594,725,722,699,630
260,594,725,723,699,631
260,595,724,722,699,631
261,594,725,722,699,632
261,595,725,722,700,632
261,595,725,723,700,632
261,594,725,723,700,632
262,595,725,723,701,633
262,594,725,723,701,632
262,595,725,723,700,633
262,595,725,723,701,633
262,595,725,723,701,632
263,596,725,723,702,633
262,596,725,723,702,633
263,596,725,723,702,633
263,596,725,724,702,634
263,596,725,725,703,634
263,596,725,723,703,634
264,596,726,724,704,634
264,596,726,723,704,635
264,596,726,723,704,634
265,596,726,724,704,635
264,596,726,724,705,635
265,596,726,724,705,635
264,596,726,724,705,636
265,597,726,724,705,636
265,597,726,724,705,636
265,596,726,724,707,636
266,597,726,724,706,637
265,597,726,724,706,637
265,597,726,724,707,637
266,597,726,724,708,638
266,597,727,724,707,637
266,597,727,724,708,637
265,598,726,725,708,638
264,597,726,724,708,638
265,598,727,724,710,638
265,597,727,724,709,638
265,598,726,725,709,640
265,598,727,724,710,639
265,598,726,725,710,639
265,598,727,724,710,640
264,598,727,725,710,639
264,598,727,724,711,640
263,599,727,725,712,640
263,598,727,725,711,641
264,598,728,725,713,640
263,598,727,724,712,641
263,599,727,725,713,641
263,598,727,725,713,642
263,599,727,725,713,641
263,599,727,725,713,641
262,599,727,725,714,642
263,599,728,724,714,642
263,599,728,725,714,642
263,599,727,725,715,642
263,599,728,725,715,643
263,599,728,725,715,643
263,599,728,725,716,643
263,600,727,725,716,643
263,599,728,725,716,643
263,600,727,725,717,643
263,600,728,726,717,645
264,600,728,725,717,644
263,600,728,725,718,644
264,601,728,726,718,644
264,600,728,725,719,644
264,600,728,726,719,645
264,600,728,725,719,645
265,600,728,725,719,645
265,600,728,725,719,646
264,600,728,725,720,646
265,600,728,725,720,646
267,601,729,725,720,646
265,600,729,725,721,646
265,601,728,725,721,647
265,600,728,726,721,646
265,600,729,725,721,647
265,601,728,726,722,647
265,600,728,726,721,647
265,601,729,725,722,647
265,601,728,725,722,647
264,601,728,726,722,647
264,601,728,726,722,647
264,600,729,726,722,648
264,601,729,726,722,649
265,601,728,726,723,648
264,601,729,726,724,647
264,602,728,726,724,648
264,601,728,726,723,648
263,601,728,726,724,648
265,601,729,727,724,647
264,601,729,726,724,647
265,601,730,726,725,647
264,601,729,725,724,646
264,601,729,726,724,646
264,602,729,726,725,646
264,602,729,727,725,645
265,602,729,726,725,645
265,602,729,726,725,645
265,602,729,726,725,644
266,602,729,726,726,643
266,602,729,726,726,644
266,602,729,726,726,643
266,602,729,726,727,643
266,602,730,727,727,643
265,602,730,726,728,642
267,603,729,726,727,642
267,602,729,727,727,643
267,602,729,727,727,642
268,602,730,727,728,642
268,602,729,727,728,642
268,602,730,727,728,643
268,603,729,727,728,643
268,602,729,727,729,643
268,603,730,727,729,643
269,602,730,727,729,643
268,602,730,728,729,644
269,602,730,728,729,644
269,602,730,728,730,644
270,602,730,728,730,644
269,602,729,728,731,645
270,602,730,728,731,645
270,602,730,728,731,645
271,602,729,728,731,645
270,601,730,728,733,646
270,602,730,728,732,646
271,601,730,728,732,646
270,601,731,728,732,647
272,600,730,728,733,647
271,600,730,729,733,647
272,600,730,729,733,648
271,600,730,729,734,648
271,600,731,729,734,649
272,600,731,728,734,649
272,600,730,729,735,649
272,600,731,729,735,649
272,600,730,729,735,650
273,599,731,729,735,650
273,599,730,729,735,650
274,599,730,730,736,651
274,599,731,729,737,651
274,598,730,730,736,652
274,599,730,729,737,652
274,598,730,730,737,652
275,598,731,729,737,653
276,598,731,730,738,653
276,598,732,730,738,653
276,597,731,730,738,654
277,598,730,730,739,654
276,597,731,730,739,654
276,597,731,730,739,655
276,597,731,730,739,655
277,597,731,730,739,656
277,597,731,730,740,656
278,596,731,730,740,657
277,597,731,730,740,656
278,597,731,730,740,657
278,596,731,731,741,658
279,596,731,731,741,658
279,596,732,731,742,657
279,597,732,732,741,658
280,596,731,731,741,658
280,596,732,731,743,658
280,597,732,731,742,658
280,596,731,731,742,659
280,596,732,731,744,659
280,596,731,731,742,659
280,596,731,731,743,660
281,596,731,731,744,660
281,596,731,732,744,660
281,596,731,732,744,661
282,595,732,732,745,661
282,596,732,733,744,661
282,596,731,732,745,661
282,596,731,731,745,662
283,596,732,732,745,662
283,595,732,732,745,663
283,596,733,732,747,662
283,596,732,732,746,663
284,596,732,732,746,664
284,596,733,733,747,663
284,595,732,732,747,663
284,596,731,733,746,664
284,595,732,733,747,664
284,596,732,732,747,664
284,596,732,733,747,664
285,596,732,733,747,665
285,596,732,733,748,665
285,595,732,733,748,664
285,596,732,733,748,665
285,596,732,733,749,665
286,596,732,733,749,665
285,596,732,734,749,666
286,596,733,733,750,666
286,595,732,733,750,666
286,596,732,734,749,666
286,596,732,734,750,666
286,596,732,734,750,666
287,595,732,734,750,667
287,595,733,733,750,667
287,596,733,734,751,668
288,595,733,733,751,668
287,595,732,734,751,667
288,595,732,734,751,668
288,595,732,735,751,668
288,595,733,734,751,668
288,595,732,734,752,668
288,595,732,735,752,669
288,594,732,734,753,668
288,595,732,734,753,669
289,595,733,734,753,669
288,594,733,735,752,669
289,594,733,734,753,670
289,594,733,734,754,669
289,594,733,735,753,670
289,595,733,734,755,670
290,595,732,734,754,670
290,594,733,735,754,670
290,594,734,735,755,670
290,595,733,735,754,671
290,595,733,735,755,671
291,594,733,735,755,671
290,595,733,735,755,671
290,594,733,735,755,672
291,595,733,735,755,672
291,594,733,736,756,672
291,594,733,735,756,672
291,594,733,735,756,672
291,595,733,735,757,672
291,593,733,736,757,673
292,594,733,736,757,673
292,593,733,736,757,673
292,594,733,735,757,673
292,593,733,736,757,673
292,593,733,736,758,673
292,593,734,736,758,673
293,593,734,736,759,673
293,593,733,736,758,674
293,593,733,736,758,675
293,593,734,736,760,674
293,593,733,736,759,674
294,593,733,736,759,674
293,593,734,736,760,674
293,593,733,736,760,675
293,593,733,736,760,675
293,593,733,736,760,675
293,594,733,735,760,675
293,593,733,736,760,675
294,593,733,736,761,676
294,593,733,735,761,676
294,592,733,736,761,676
294,593,733,735,762,676
294,592,733,735,762,676
294,592,733,735,762,677
294,592,733,735,762,676
294,592,733,735,763,677
295,592,733,734,762,678
295,592,734,734,764,677
294,593,732,734,763,677
295,591,733,734,763,677
295,592,733,734,764,678
295,591,733,734,764,677
294,591,732,734,763,678
295,591,733,734,764,678
295,592,732,734,764,678
295,591,733,733,764,678
295,591,733,733,764,678
295,592,732,734,765,678
294,591,732,733,764,679
294,591,733,733,764,678
295,591,732,733,765,679
294,591,732,733,764,679
294,591,732,732,765,678
295,591,732,732,765,679
294,591,732,732,765,679
295,591,732,733,765,679
294,591,732,732,766,679
294,591,732,732,765,679
294,590,732,732,766,679
294,591,731,732,766,679
294,591,732,731,766,679
294,590,731,731,766,679
295,590,731,731,767,679
294,591,730,731,766,679
294,590,731,731,767,679
295,590,731,731,766,679
295,590,730,731,767,679
295,590,731,730,767,679
294,590,731,731,767,679
295,590,731,731,767,679
295,592,730,731,767,679
294,590,731,730,767,679
294,590,731,730,768,679
294,590,730,730,768,679
295,590,730,730,768,679
294,590,730,730,768,678
294,590,730,730,768,678
294,590,730,729,768,678
294,590,730,730,768,679
294,591,730,729,768,678
296,590,731,729,768,678
294,589,730,729,768,678
294,590,730,730,769,678
295,590,731,729,768,678
294,590,730,729,769,678
294,590,730,729,769,678
295,590,730,729,769,678
295,590,730,729,769,677
295,590,730,730,769,678
296,589,731,729,769,677
295,590,730,729,770,677
294,589,730,729,770,677
294,590,730,729,770,677
294,589,730,729,770,677
294,589,731,729,770,677
295,589,732,729,771,676
294,589,730,729,771,676
294,589,731,729,771,677
294,589,731,729,771,676
294,589,731,729,771,676
294,589,731,729,771,676
294,589,731,729,772,676
294,589,731,729,772,676
295,589,731,729,772,676
294,589,731,729,773,676
294,589,731,731,772,677
295,588,732,729,773,676
294,588,731,730,773,677
294,588,731,730,773,678
294,589,732,729,773,677
293,588,731,730,774,677
294,588,731,730,774,678
295,587,731,729,774,677
294,588,731,730,775,677
293,587,731,729,774,677
293,588,732,730,774,677
294,588,731,729,775,677
294,588,731,730,776,678
294,588,732,730,776,677
294,588,731,730,776,678
295,588,731,730,776,678
294,588,731,729,776,678
294,588,732,730,776,678
294,588,732,730,777,678
294,588,731,730,777,678
294,588,732,730,777,678
294,588,732,730,777,678
294,588,732,730,777,678
294,588,732,729,778,678
295,588,731,729,778,678
295,588,732,729,778,678
295,588,731,729,778,679
295,589,731,729,778,678
295,588,732,729,778,679
295,588,731,729,778,678
295,589,732,728,779,678
295,589,731,729,778,678
295,588,732,729,779,679
296,589,732,729,779,678
295,589,732,730,779,678
296,588,732,729,779,678
296,589,731,729,780,679
296,588,731,729,779,679
297,589,732,728,780,679
297,589,731,728,779,679
297,589,731,729,779,678
297,589,731,728,780,679
297,589,731,728,780,679
298,589,731,729,780,679
298,589,731,728,780,679
299,589,732,728,781,679
298,589,731,728,780,679
298,588,731,728,781,679
298,589,731,728,780,679
299,588,731,728,780,679
299,589,731,728,780,679
300,589,732,728,781,679
299,589,732,727,780,679
300,589,731,728,781,679
300,588,732,729,781,679
300,589,731,728,781,679
300,589,731,728,781,679
300,589,731,729,781,679
300,589,732,729,781,679
301,589,732,728,781,679
301,590,732,729,781,679
301,590,732,728,781,679
301,589,732,730,781,679
301,590,732,730,781,679
302,590,732,729,781,678
302,590,733,730,782,679
301,590,733,730,782,679
302,590,732,730,781,678
302,589,732,730,782,678
302,590,732,730,782,679
303,591,733,730,781,678
303,590,732,731,782,678
303,590,733,731,782,679
303,590,733,731,783,679
303,591,733,731,782,678
303,591,732,731,782,678
304,590,733,732,782,678
304,591,733,732,782,679
305,591,735,732,783,678
305,591,733,731,783,678
304,591,733,732,782,679
305,591,734,732,784,678
306,591,733,732,783,679
306,591,734,733,783,678
306,592,734,733,783,678
306,593,733,733,783,678
306,592,734,733,783,678
306,592,734,733,783,678
306,591,734,733,783,678
306,593,734,734,783,678
307,593,734,733,783,679
307,592,735,734,784,678
307,592,734,734,784,678
308,593,734,734,784,678
307,593,735,734,784,679
308,593,735,735,784,679
308,593,734,735,784,680
309,593,736,735,784,679
308,592,735,734,784,679
308,593,735,734,785,679
309,593,735,735,784,679
309,594,735,735,784,679
309,593,734,735,785,680
309,593,735,735,785,680
309,593,735,735,785,679
310,593,735,735,785,680
309,593,735,736,785,680
309,593,735,736,785,680
310,593,736,736,785,680
309,593,735,736,785,680
310,592,735,736,786,681
309,593,735,736,785,680
310,592,735,736,785,681
309,591,735,737,785,681
309,591,735,736,785,681
310,591,735,736,786,681
310,591,735,737,785,681
310,591,735,737,786,681
311,591,736,737,787,681
310,591,735,737,786,681
310,590,736,737,786,681
310,590,735,737,787,681
310,590,735,737,787,681
311,590,735,736,786,682
310,590,735,737,786,682
310,590,735,737,786,682
311,590,736,736,786,682
311,590,735,738,787,682
311,590,735,737,787,682
311,590,735,736,787,682
311,590,735,736,787,683
311,590,736,736,788,683
311,590,735,735,787,682
311,590,735,736,787,682
311,590,735,735,788,682
311,591,735,737,787,682
312,590,735,735,788,682
311,590,736,735,787,682
311,590,735,736,787,683
311,590,735,735,788,682
311,590,735,735,788,683
312,591,734,735,788,682
311,591,735,735,788,682
311,591,735,736,788,683
312,591,736,735,788,683
312,591,734,735,789,682
311,591,735,735,788,683
311,591,734,735,789,682
311,591,735,735,789,682
311,591,735,735,788,683
312,591,735,735,789,682
312,591,734,735,789,682
312,591,735,735,788,682
312,591,735,735,789,683
313,591,735,735,789,682
312,592,735,735,789,683
312,592,735,736,789,682
312,592,736,735,788,682
312,593,735,735,789,682
312,592,735,736,789,682
312,592,735,735,789,682
312,593,735,736,789,682
312,592,735,736,789,682
312,592,735,736,789,682
312,593,735,736,790,682
312,593,735,736,790,682
312,593,735,736,789,682
312,593,735,736,790,682
312,593,735,736,790,683
312,593,736,736,790,682
312,593,736,736,790,683
312,593,735,736,791,682
312,593,736,737,790,682
312,593,736,737,792,682
312,593,735,737,791,682
312,593,735,737,790,682
312,593,735,737,791,682
312,593,735,737,791,683
312,592,736,737,791,683
312,594,736,736,792,683
313,593,736,737,791,683
312,593,735,738,792,683
312,593,736,738,792,683
314,593,736,738,791,683
312,593,736,738,792,683
312,593,736,738,792,683
312,592,736,738,792,683
312,592,736,739,792,683
313,592,735,738,792,683
312,592,736,739,792,683
312,592,736,738,793,684
312,592,736,738,792,684
312,592,736,739,793,683
312,591,735,738,793,684
313,591,736,738,793,684
312,592,736,738,793,683
312,591,737,739,794,684
312,592,736,738,794,684
312,591,736,739,793,683
312,592,736,738,794,684
312,591,736,738,794,684
312,592,736,738,794,683
312,593,736,740,794,684
312,592,736,738,795,683
312,591,736,738,794,684
312,592,736,739,794,684
312,592,736,738,794,684
312,592,736,738,795,684
312,592,736,739,794,684
311,592,736,737,795,684
311,592,736,739,795,684
311,592,736,738,795,684
312,592,736,738,796,684
312,592,736,737,795,683
312,592,735,738,796,683
311,592,735,738,796,684
311,592,735,737,796,683
311,592,736,737,796,684
311,592,736,737,796,684
311,592,735,737,796,684
312,592,735,737,796,684
312,592,736,737,796,684
312,592,736,737,796,683
312,592,736,737,796,683
312,592,736,737,796,683
312,592,736,737,797,682
313,592,735,737,797,682
313,592,736,737,796,682
313,592,736,737,796,682
313,592,735,737,797,682
313,592,735,738,797,683
314,592,737,737,797,681
314,592,736,737,797,681
313,592,736,737,797,681
314,592,736,737,797,681
314,592,736,738,797,681
314,592,736,737,797,681
314,592,736,737,797,681
315,592,736,737,797,680
315,592,736,737,797,681
314,592,736,737,797,681
315,592,736,737,797,681
315,593,736,738,797,681
315,592,736,737,797,681
315,592,736,737,798,681
315,592,736,737,797,680
315,592,736,737,797,681
315,593,736,737,798,681
315,593,737,738,799,681
316,594,736,737,798,681
315,592,736,738,798,681
316,593,736,738,798,681
316,593,736,739,797,682
317,593,737,739,799,681
316,594,737,738,798,681
316,594,736,739,798,681
316,593,737,739,798,682
316,594,736,738,798,682
317,594,737,739,798,682
316,594,737,739,799,681
316,594,736,739,799,681
317,594,737,739,799,682
318,594,737,740,799,682
318,594,737,740,799,682
317,595,737,740,799,682
319,594,737,740,799,682
318,595,737,741,799,683
318,595,737,741,799,682
318,595,737,740,799,683
318,595,737,741,799,683
318,595,737,741,799,683
319,596,737,741,799,682
318,595,737,742,799,683
319,595,737,741,799,683
319,596,737,741,799,683
319,596,737,742,800,683
319,596,737,741,800,683
319,596,737,742,799,683
319,597,737,742,799,684
320,597,738,742,799,684
320,596,738,742,799,684
321,597,737,742,800,684
320,597,738,743,800,684
320,596,738,743,799,685
320,597,738,743,800,685
321,597,738,743,800,684
321,599,738,743,800,685
321,598,738,742,800,684
321,598,738,743,800,684
321,598,738,743,800,684
322,598,737,744,800,685
322,598,738,744,800,685
323,598,739,744,800,685
321,598,738,744,800,685
322,599,738,744,800,685
322,599,738,744,800,685
322,599,738,744,801,685
322,599,738,744,800,686
322,599,738,744,800,686
322,600,738,744,801,686
322,599,738,745,801,686
323,599,738,745,801,686
323,600,738,745,800,686
323,600,738,745,801,686
323,600,738,745,801,687
323,600,739,745,801,686
323,600,738,745,801,687
324,601,738,746,801,686
324,601,738,745,801,687
324,601,738,746,801,687
324,601,738,746,801,687
323,601,739,746,801,687
325,602,738,747,802,687
324,602,738,746,802,687
325,602,738,746,802,687
324,603,738,748,801,687
325,603,738,747,802,687
325,603,739,747,802,687
324,603,738,747,801,687
325,603,738,747,802,688
326,603,738,747,802,688
325,604,738,747,802,687
326,604,738,747,802,688
327,605,739,747,803,688
326,605,738,747,803,688
325,606,738,747,803,688
326,606,738,748,802,688
326,608,738,748,802,688
326,609,738,748,803,688
326,610,738,749,802,688
327,610,739,748,802,688
326,611,739,748,803,688
326,612,738,748,803,688
326,612,738,748,803,688
326,612,739,748,803,689
327,612,738,748,804,689
326,612,739,748,803,688
326,611,738,749,803,689
326,611,739,749,804,688
326,610,739,748,804,688
326,610,739,749,803,688
327,610,738,750,804,689
327,610,740,749,804,688
327,609,738,749,804,688
327,609,739,749,804,689
327,609,738,749,804,688
327,609,738,750,804,688
327,609,738,749,804,688
327,609,738,750,804,689
327,609,738,750,805,689
327,610,739,751,804,689
327,609,738,750,805,688
327,609,739,750,805,688
327,609,738,751,804,689
327,609,738,750,805,689
327,609,739,751,805,688
327,610,739,750,806,689
327,610,738,752,805,689
327,610,738,751,805,689
327,610,739,751,805,689
327,610,739,752,805,689
327,610,739,751,805,688
327,610,738,751,805,688
327,610,738,751,806,689
328,610,738,753,805,690
328,610,740,752,806,689
328,611,738,751,806,689
328,610,739,752,806,689
327,610,739,752,806,689
328,610,739,752,806,690
328,610,739,752,807,689
328,610,739,752,806,689
328,611,738,752,807,689
328,611,739,752,807,689
329,611,738,753,807,689
328,611,739,752,806,689
328,610,738,753,807,690
328,611,739,753,807,689
328,611,739,753,807,689
328,611,738,753,807,689
328,611,739,753,807,690
329,611,740,753,807,689
328,611,738,753,808,689
328,611,739,754,807,690
329,611,739,754,807,689
329,612,739,754,808,690
329,611,740,754,808,689
328,613,739,754,808,689
330,611,739,755,807,689
328,611,739,754,808,690
329,612,739,754,808,690
329,612,739,754,808,689
329,612,739,754,808,690
329,612,738,755,808,690
329,612,739,756,808,691
329,612,739,755,808,690
329,612,739,755,809,689
329,612,739,755,809,689
329,612,739,755,809,689
330,612,739,755,809,690
329,613,739,755,809,690
329,613,739,756,809,690
329,612,739,756,808,690
329,613,739,756,809,690
329,613,739,757,809,690
329,613,739,757,809,690
329,613,739,756,810,690
329,613,739,757,810,690
329,613,740,757,809,690
329,613,739,757,809,690
330,613,739,757,810,690
329,613,739,758,809,690
330,614,740,758,810,689
331,613,740,758,809,690
330,613,739,758,810,690
330,613,739,758,810,690
330,613,739,758,810,690
329,613,740,758,810,690
330,614,739,759,811,690
330,614,739,759,810,691
330,614,739,759,811,690
330,615,739,760,811,689
330,614,739,760,810,690
330,614,739,760,811,690
332,614,739,760,810,690
331,613,740,760,811,690
330,614,739,760,811,690
330,614,740,761,812,690
330,614,739,761,811,690
331,614,739,761,811,691
331,614,739,761,811,690
332,614,740,761,811,690
331,614,740,761,812,690
331,614,740,762,811,690
331,615,739,762,812,690
331,614,740,763,812,691
331,614,740,763,813,690
331,615,740,762,812,690
331,615,739,763,812,691
331,616,740,764,812,691
332,615,741,763,812,691
331,615,740,763,812,690
332,615,739,764,813,690
332,615,739,764,813,690
333,615,739,764,812,691
332,614,740,764,812,691
332,614,740,765,812,691
332,615,740,765,813,691
332,615,740,765,813,691
332,615,740,766,813,691
332,615,740,766,813,691
333,615,740,766,814,691
333,615,740,766,813,691
332,615,740,766,813,691
332,615,740,767,813,691
333,615,739,767,814,691
333,615,740,767,813,691
333,615,740,767,814,691
333,615,740,768,814,691
333,615,740,768,814,691
333,615,740,768,815,691
333,615,740,770,814,691
334,615,740,769,814,691
333,616,740,769,814,691
333,615,740,770,814,691
334,615,740,770,815,691
333,615,740,770,814,691
333,615,739,770,815,690
334,616,740,770,815,690
334,615,740,771,815,691
334,615,740,771,815,691
334,615,740,772,816,691
334,616,740,773,815,690
334,615,740,773,815,690
334,615,740,772,815,691
334,615,740,773,815,691
334,615,740,773,816,691
334,615,740,773,815,691
335,615,740,773,816,691
334,615,740,774,816,691
334,615,740,774,816,691
334,615,740,775,816,691
335,615,740,775,816,691
335,615,740,776,816,691
335,615,740,775,816,691
335,615,740,776,816,691
335,615,740,776,816,692
335,615,740,776,816,691
335,615,740,776,817,691
335,615,740,776,817,691
335,615,740,777,817,692
335,615,740,777,817,691
336,615,740,777,817,691
335,615,740,778,818,691
335,615,740,779,817,692
336,615,740,779,817,691
336,615,740,778,817,691
336,615,741,778,819,691
335,616,740,780,817,691
336,615,740,779,817,691
336,615,740,779,818,692
336,615,740,780,818,691
336,615,740,780,818,692
336,615,740,780,818,692
336,615,740,780,818,692
336,615,740,781,818,693
336,615,741,780,819,692
337,615,740,782,819,692
337,615,741,781,819,692
336,615,740,781,818,692
336,614,740,782,819,692
337,613,740,782,819,693
337,613,740,782,819,692
337,613,740,783,819,692
337,613,740,782,819,693
337,613,740,783,819,694
337,612,741,783,819,693
338,612,740,783,820,693
337,611,740,783,820,693
338,611,740,784,820,694
338,611,741,784,820,694
337,611,741,784,819,694
337,610,741,785,820,694
338,610,740,785,820,694
337,609,741,784,821,694
338,609,740,784,820,695
337,608,741,784,820,695
337,608,740,785,820,694
338,608,740,785,821,695
338,608,740,785,821,696
338,608,741,784,821,695
338,607,740,785,821,696
338,608,740,784,822,695
338,608,740,786,821,695
339,606,741,784,821,696
338,607,740,784,821,695
338,606,740,784,821,696
338,606,740,784,822,696
338,605,740,784,822,696
337,605,740,784,821,696
337,605,740,784,822,696
337,606,740,783,822,697
339,604,739,783,822,696
338,604,740,783,822,697
338,604,740,783,822,696
337,604,739,782,822,697
338,603,739,783,822,696
337,604,739,782,822,696
337,603,739,782,822,697
338,603,740,781,822,697
337,603,740,781,822,697
337,603,739,781,823,697
337,603,739,780,823,697
337,603,739,780,823,696
338,603,739,781,823,697
338,602,740,779,823,697
337,604,740,780,822,697
337,603,739,779,823,697
337,603,739,778,823,697
337,602,739,778,823,697
337,602,739,777,823,697
338,602,739,777,824,697
337,602,739,777,823,697
337,602,739,777,823,697
336,602,739,777,824,696
336,602,739,776,823,697
336,602,739,777,824,696
336,602,740,776,823,696
337,601,739,776,824,696
336,601,740,775,823,697
336,601,739,775,824,696
336,601,739,776,824,696
336,601,739,775,824,696
336,600,739,775,825,696
336,600,739,775,823,696
335,600,739,775,824,696
336,600,740,775,824,696
336,600,739,775,824,696
337,599,741,775,823,696
336,600,740,774,824,696
336,599,739,775,823,696
336,598,739,776,824,696
336,598,740,775,824,696
336,599,740,775,824,696
336,598,740,775,824,696
336,599,739,775,825,696
336,598,739,775,824,696
336,598,740,775,825,695
337,599,739,775,824,696
336,598,740,775,824,695
336,598,740,774,824,697
336,599,740,774,825,695
336,599,740,775,824,696
336,598,740,775,825,695
337,599,740,775,824,696
337,599,740,775,825,695
337,599,740,776,824,695
337,599,741,774,825,695
336,599,739,774,824,695
337,598,740,774,825,694
337,598,739,775,824,694
337,598,740,774,824,695
337,598,740,774,824,695
337,598,740,774,825,694
338,598,740,774,825,695
337,599,740,773,825,694
338,599,739,774,825,694
338,598,740,773,825,694
338,598,739,773,825,694
338,598,739,773,825,694
338,598,739,773,825,694
338,598,739,773,825,694
338,597,740,773,824,693
338,598,740,773,824,694
339,598,739,773,825,693
339,597,740,773,825,694
339,597,740,773,825,694
338,597,741,773,825,694
339,597,740,773,825,693
339,596,739,773,825,694
339,596,740,773,824,694
339,597,740,773,825,693
339,597,740,773,825,693
339,597,740,773,825,693
339,597,740,773,825,693
339,596,740,773,825,693
339,597,740,773,824,693
339,596,740,774,825,693
339,596,740,773,825,693
339,596,740,774,825,693
339,596,740,774,825,693
340,596,740,774,825,693
340,596,740,774,825,693
340,596,740,773,825,692
340,595,741,773,825,693
340,595,740,774,825,693
340,595,740,773,826,692
341,595,740,773,825,694
340,596,740,774,826,692
341,596,740,773,825,692
341,596,740,773,825,692
340,595,740,774,825,692
341,596,740,773,825,692
341,596,740,773,825,691
341,596,740,773,825,691
342,595,740,773,825,691
342,596,741,773,825,691
342,596,740,773,825,691
342,596,741,773,826,690
343,597,740,775,825,691
343,596,740,773,825,691
342,596,740,773,825,690
343,596,740,773,825,690
343,596,740,774,825,691
343,595,740,773,825,690
343,596,740,773,825,690
343,596,740,774,827,689
343,596,740,775,825,690
343,596,741,773,826,690
343,597,740,775,825,690
344,596,741,774,826,689
343,595,740,774,825,689
343,596,740,774,825,689
343,596,740,774,825,689
343,596,740,774,825,689
343,595,740,775,825,689
343,595,740,774,825,689
344,595,740,775,825,689
344,595,740,775,826,689
343,595,740,775,825,688
343,595,740,775,825,688
343,595,740,775,825,688
343,595,740,775,825,689
343,595,740,775,825,689
343,595,740,775,825,688
343,595,740,775,825,688
343,595,740,775,826,688
344,594,740,776,826,688
343,594,741,775,827,688
343,594,741,775,825,688
343,594,740,775,826,688
344,594,740,775,825,688
343,594,741,775,825,688
343,594,740,775,825,687
343,594,740,775,826,687
343,594,740,775,826,688
343,594,741,774,826,687
343,594,740,775,826,688
343,593,740,775,826,687
343,593,740,775,826,686
343,593,739,774,826,687
343,594,740,774,826,687
343,594,740,774,827,686
343,594,739,774,826,686
343,593,740,773,826,686
343,594,739,773,826,686
343,593,740,773,826,685
343,594,739,773,826,686
342,594,739,773,827,685
342,594,740,772,826,686
342,593,740,773,826,685
342,594,739,773,826,685
342,594,739,772,827,685
343,593,740,773,825,685
342,593,739,772,826,685
342,593,739,772,826,685
341,594,739,773,826,684
341,593,739,772,827,684
341,593,739,772,826,685
341,593,739,772,826,684
341,593,739,772,826,684
341,593,739,772,826,684
340,592,739,771,826,684
341,592,739,771,826,683
340,593,740,771,827,683
340,592,739,771,826,683
340,592,738,771,826,684
340,592,739,771,827,683
339,593,739,771,826,683
340,593,739,770,828,682
339,593,739,771,827,683
339,593,738,771,827,682
339,592,738,771,826,682
339,592,739,770,827,681
338,592,739,769,826,681
338,592,738,769,827,681
338,592,739,769,826,681
338,591,739,768,827,680
338,592,739,769,827,680
338,592,738,768,827,679
338,592,738,768,827,679
338,592,738,767,826,679
337,592,738,767,827,678
337,592,738,767,827,678
337,591,738,767,827,677
338,591,737,767,827,677
337,592,737,766,827,676
337,592,738,766,827,676
337,592,737,766,827,675
336,591,738,765,827,675
337,591,737,765,827,674
337,591,737,765,827,673
336,591,737,765,827,673
336,591,738,765,827,673
337,592,738,764,828,671
336,592,737,765,827,671
336,591,737,764,827,670
336,592,737,764,827,670
335,592,737,763,827,669
336,592,736,763,827,668
335,592,737,763,827,668
335,592,736,763,827,666
334,592,737,762,827,666
335,592,736,762,827,666
334,592,736,762,827,665
335,592,736,762,827,664
335,593,736,761,827,664
334,592,736,761,827,663
334,592,736,761,826,662
335,592,737,761,826,662
333,592,736,760,827,661
333,593,736,760,827,661
333,593,737,761,827,661
333,593,736,760,827,660
333,593,736,760,827,660
333,593,736,760,827,660
333,592,736,760,827,659
332,593,736,760,827,659
332,593,735,760,827,659
332,593,736,759,826,659
331,593,736,759,827,658
332,593,736,759,827,658
332,593,736,759,826,658
331,593,735,759,827,657
331,593,736,759,826,658
331,593,736,759,827,657
331,593,736,759,827,657
331,594,736,758,827,657
330,593,736,759,827,657
330,593,736,759,827,657
330,594,737,758,826,657
330,593,736,759,827,657
330,594,736,759,826,657
329,594,736,759,827,657
330,593,736,759,827,656
329,593,736,759,827,656
329,594,736,759,826,657
329,593,737,758,827,657
329,593,737,759,827,657
328,593,736,758,826,656
328,593,737,759,826,657
328,593,737,759,827,656
328,593,736,760,827,657
328,593,737,759,828,657
328,593,737,759,826,657
328,593,736,760,827,656
327,593,737,759,827,656
328,592,737,758,826,657
327,592,737,759,827,657
327,592,737,759,827,657
327,592,737,759,826,657
327,592,737,758,826,657
327,592,737,759,826,657
327,593,737,760,826,657
327,592,737,758,827,657
327,591,737,759,827,657
327,592,738,759,827,657
326,591,737,758,827,657
326,591,738,759,827,657
327,592,737,758,827,657
327,592,737,759,826,657
327,591,737,759,827,657
327,592,738,759,827,657
326,592,737,759,827,657
326,592,737,758,826,657
326,592,737,759,827,657
326,592,737,758,827,657
327,592,738,758,828,657
326,592,737,758,827,658
326,591,738,758,826,657
326,592,737,758,827,657
326,591,737,758,827,657
326,591,737,758,827,657
326,592,737,758,827,657
326,591,737,758,826,658
326,591,737,757,827,657
326,592,737,758,827,657
326,591,737,758,827,657
326,592,737,758,826,657
325,592,737,759,826,658
325,592,737,757,827,657
325,592,737,757,827,657
325,592,737,758,827,657
325,592,737,758,827,658
325,592,738,757,827,657
325,592,738,758,826,657
326,593,738,759,827,657
327,592,738,757,826,658
325,592,737,758,826,657
326,592,738,758,827,657
326,592,738,758,827,657
325,592,737,758,827,657
326,592,738,758,826,658
326,592,738,758,827,657
326,592,737,758,827,657
326,592,738,757,827,657
326,592,738,758,826,657
326,592,738,758,826,657
325,593,738,758,826,657
326,593,738,758,826,657
325,593,738,758,827,657
326,592,738,758,827,657
327,592,738,758,827,657
326,593,738,758,827,657
326,593,739,758,826,657
326,593,738,758,826,657
326,593,738,758,827,657
326,593,738,759,827,657
326,593,739,759,826,657
326,593,738,759,826,657
326,593,739,758,827,657
326,593,739,758,828,657
326,593,738,760,826,657
326,593,739,759,826,657
326,593,738,759,826,657
326,593,739,759,826,657
326,593,738,759,826,658
326,593,738,759,826,657
326,593,738,759,826,657
326,593,739,759,826,656
326,594,738,759,826,656
326,594,738,760,825,656
327,593,739,760,827,656
326,593,739,760,825,656
327,593,739,760,827,655
326,594,739,760,825,654
326,594,739,760,825,654
327,594,738,760,825,653
327,595,738,759,825,652
327,594,739,760,825,651
327,594,739,760,825,650
326,595,739,760,825,649
327,595,739,760,825,649
326,595,739,761,825,647
327,595,739,760,825,647
327,595,739,761,825,646
328,595,739,761,825,645
327,596,739,761,825,643
327,596,739,761,825,643
327,596,740,761,825,643
328,596,739,762,825,642
327,596,739,761,825,642
328,596,739,761,824,642
328,597,739,761,825,642
328,597,740,761,824,642
328,597,739,761,824,642
328,598,739,763,824,641
328,597,740,762,825,641
328,598,739,762,824,641
328,598,739,762,825,641
328,599,739,762,825,641
328,598,740,762,824,641
329,599,739,762,824,642
328,598,739,763,824,642
328,599,739,762,824,642
328,601,739,762,824,641
328,600,740,762,824,641
328,599,739,762,824,642
329,600,740,762,824,642
329,600,739,762,823,642
329,600,740,762,824,642
329,600,739,762,824,642
329,601,740,762,824,642
329,601,739,762,824,643
329,601,739,763,824,643
329,601,740,762,824,643
329,601,739,763,824,643
328,601,739,763,825,643
330,601,739,763,825,643
329,602,739,763,824,643
329,602,739,763,825,644
329,602,739,763,824,645
329,602,740,763,825,644
329,602,739,763,824,644
329,602,739,763,825,645
329,602,739,763,825,645
328,603,739,764,824,645
329,604,739,763,824,645
328,602,740,763,825,646
328,603,739,762,825,646
328,603,739,763,825,647
328,602,739,762,825,647
328,603,739,762,825,648
328,603,739,763,825,647
328,603,739,763,825,648
328,603,739,763,825,648
328,603,738,763,826,649
328,604,738,762,825,650
327,604,739,763,826,649
328,604,740,762,825,650
327,604,739,762,826,650
327,604,739,763,826,650
327,604,738,763,826,652
327,604,738,762,826,651
326,604,739,762,826,652
327,605,739,762,826,652
327,604,738,762,826,652
326,604,739,762,826,653
326,604,739,762,826,653
326,604,739,762,826,653
326,604,738,762,826,653
325,604,739,762,826,654
325,603,739,762,826,654
325,603,738,762,827,654
325,603,738,762,827,655
325,603,739,761,826,655
324,603,739,762,827,655
324,602,739,762,827,656
324,602,738,762,827,656
324,602,738,761,827,656
324,602,738,762,826,657
324,603,738,763,826,656
324,602,739,761,828,657
323,601,738,761,827,657
323,601,738,761,827,657
323,601,738,762,827,658
323,601,738,762,827,658
323,600,739,761,828,658
322,601,738,761,827,659
322,601,738,761,827,659
322,601,738,761,827,659
322,600,738,761,828,659
321,601,738,761,827,659
321,600,738,761,827,659
321,600,737,761,827,660
321,600,738,761,827,661
320,600,738,761,827,660
321,599,738,761,827,661
320,599,738,760,827,661
319,599,738,761,827,661
320,598,737,761,827,661
320,599,738,761,828,661
319,598,737,761,828,662
319,598,737,761,828,662
319,598,738,760,827,662
319,598,738,760,828,662
318,598,737,760,828,662
318,598,738,760,828,662
318,598,737,760,828,663
317,598,737,760,828,663
317,597,737,760,828,663
317,598,737,760,828,663
316,598,738,759,828,663
316,597,737,760,829,663
315,597,737,760,828,663
315,597,737,760,828,664
315,597,738,760,828,664
315,597,737,760,828,665
316,596,737,761,828,664
314,597,737,760,828,665
315,597,739,760,828,665
314,597,737,761,828,665
314,597,738,760,828,666
314,596,737,760,828,666
313,596,738,761,829,666
313,597,737,761,828,666
313,596,738,761,828,666
312,596,738,761,828,666
312,596,738,760,828,666
312,596,738,761,829,666
312,596,737,761,829,666
312,596,737,761,828,667
313,596,737,761,828,667
311,596,738,761,828,666
311,596,737,761,828,667
311,596,737,761,829,668
311,596,738,761,828,668
311,595,738,761,829,667
311,595,738,761,828,667
311,595,738,761,829,668
311,595,738,760,828,668
311,595,738,761,828,669
310,595,737,761,828,668
310,596,738,761,828,668
310,595,739,761,828,668
310,595,738,761,828,668
310,595,737,761,828,668
310,595,738,762,828,668
310,595,738,761,828,669
310,594,738,761,829,669
310,595,738,761,828,668
310,595,738,761,828,669
310,595,738,761,828,669
310,595,738,761,828,669
310,595,738,761,828,669
310,595,738,761,828,669
310,595,738,761,828,669
310,596,738,760,829,669
310,596,738,760,828,669
310,595,738,760,828,670
310,595,738,760,828,670
310,595,738,760,828,670
310,595,738,760,828,670
310,594,738,760,828,670
310,595,738,760,829,670
310,595,738,760,829,671
310,595,738,760,829,670
310,593,738,760,828,671
311,594,738,760,829,670
310,595,739,760,829,671
311,594,739,760,829,671
310,594,738,761,828,671
310,594,738,760,829,671
310,594,738,760,829,671
310,593,738,760,829,671
310,594,738,760,828,671
310,594,739,760,829,671
310,594,738,760,829,671
310,595,738,760,828,671
310,594,738,760,829,671
310,594,738,760,829,671
310,594,738,760,829,671
310,594,738,760,829,672
310,594,739,760,829,672
310,593,738,759,830,672
310,594,738,760,829,671
310,593,738,759,829,671
311,594,738,760,829,671
310,594,738,760,829,671
311,593,738,759,829,672
310,594,738,759,829,672
311,594,738,759,829,672
311,594,739,760,829,672
310,594,739,760,829,672
310,594,739,759,830,672
311,593,738,759,829,672
311,593,738,759,829,672
311,593,738,760,829,672
310,594,738,759,829,672
311,593,738,759,830,673
310,593,738,759,829,672
310,594,738,759,829,672
310,593,738,759,829,673
310,592,738,759,829,673
310,592,738,759,829,672
310,593,738,759,829,673
310,593,738,759,829,674
310,593,738,759,829,673
310,593,738,758,829,673
309,594,738,759,829,673
310,592,738,759,829,673
309,592,738,759,829,673
310,592,738,758,829,673
309,592,738,758,829,673
309,592,738,758,829,673
309,592,738,758,830,673
309,592,737,758,829,673
309,591,737,757,829,674
309,591,737,757,829,674
309,591,737,757,830,673
309,591,737,757,829,673
308,591,737,756,829,674
308,591,737,756,829,674
308,591,736,756,829,673
308,591,737,756,829,673
308,592,736,756,829,674
308,591,736,756,829,675
308,591,736,756,830,674
309,591,735,756,829,674
308,592,736,755,830,673
307,591,736,755,831,674
306,592,736,756,829,674
306,591,736,755,829,674
306,592,736,755,829,674
305,592,736,754,829,674
305,592,735,755,830,674
304,592,736,755,829,674
304,592,736,754,829,674
304,592,735,755,829,674
303,592,735,754,829,674
303,592,736,754,830,674
302,592,736,754,830,674
302,592,735,754,830,674
303,592,735,754,829,674
301,593,735,754,829,673
301,592,734,753,829,674
300,592,734,753,830,673
300,592,735,753,829,673
299,592,735,753,830,674
299,593,734,754,829,674
299,592,735,753,830,674
298,592,734,753,829,674
298,592,735,752,830,674
298,593,735,752,829,674
296,591,734,752,829,673
296,591,734,752,829,673
295,591,734,751,829,673
296,592,734,752,829,674
295,592,735,752,829,673
294,591,734,751,829,673
293,592,734,751,828,672
294,591,734,751,830,672
293,591,734,752,828,673
292,591,734,751,829,673
292,591,733,751,828,673
292,592,734,751,828,672
291,590,734,750,828,672
291,590,734,751,829,673
291,590,734,751,828,672
291,590,735,750,828,672
291,590,734,750,828,672
290,590,734,750,828,672
290,590,734,750,828,672
290,590,734,750,828,672
290,591,734,750,828,672
290,590,734,750,828,672
290,590,734,750,828,672
290,590,734,750,828,672
290,591,734,750,828,672
290,590,734,750,828,672
291,591,735,751,828,673
291,591,735,750,829,672
291,591,735,750,828,672
290,591,735,750,828,672
291,591,735,749,828,672
290,591,734,750,828,673
291,591,735,750,828,672
291,591,735,750,828,673
290,591,735,750,828,672
290,590,735,749,828,672
291,591,735,749,828,672
291,590,735,749,828,672
292,590,736,749,827,673
291,591,735,750,828,672
290,590,735,749,829,672
290,590,734,749,828,672
290,590,735,748,829,672
290,590,736,748,828,672
291,590,734,749,828,673
290,589,734,749,828,672
292,590,734,748,828,672
291,589,734,749,828,672
290,589,734,748,828,672
290,589,734,747,828,672
290,589,734,748,827,672
290,589,734,747,827,672
289,589,734,747,828,672
289,589,734,747,827,672
290,589,733,747,828,671
289,589,733,747,828,671
290,589,733,747,828,671
289,589,733,746,827,672
289,589,733,746,827,671
289,589,733,746,829,671
289,589,733,746,828,671
289,589,733,745,828,671
288,588,732,746,828,671
288,589,733,745,828,671
287,589,733,745,828,671
288,589,732,745,827,671
287,589,732,745,827,670
287,589,733,745,828,670
287,589,732,745,828,670
286,589,733,745,828,670
287,589,733,745,828,670
286,589,732,745,828,671
286,589,732,745,827,670
286,589,732,745,827,670
287,591,733,745,828,670
286,590,733,745,828,670
286,590,733,744,828,670
286,590,733,745,828,669
286,590,733,744,828,670
285,589,733,744,828,669
285,588,732,744,828,669
286,589,733,744,827,669
285,589,732,744,828,669
285,589,732,744,828,669
285,590,732,744,827,669
285,589,733,744,827,668
285,589,733,744,827,668
285,590,732,743,828,668
285,589,733,744,827,668
285,590,733,743,829,668
284,590,732,744,828,668
284,589,732,743,828,667
284,589,732,743,828,667
284,589,732,744,828,667
286,590,733,743,828,666
285,590,732,744,827,666
285,590,733,743,827,666
286,590,733,743,828,666
286,591,733,743,827,666
285,589,733,743,828,665
286,590,733,743,827,665
286,590,733,745,827,665
286,589,732,743,827,665
286,590,733,743,827,664
286,590,733,743,827,664
286,590,733,743,827,664
285,590,733,743,827,663
285,589,733,743,827,663
285,590,733,743,827,662
285,590,733,744,827,663
285,590,733,743,827,662
285,590,733,744,827,662
286,590,733,744,827,661
286,589,734,744,827,661
287,590,733,744,827,660
286,590,734,745,826,660
286,590,734,744,827,660
286,590,734,744,827,660
286,590,734,744,826,659
287,590,734,744,827,659
287,590,734,744,827,658
287,590,734,744,827,658
287,590,734,744,826,658
287,591,734,744,827,657
287,590,735,744,826,657
288,590,734,744,827,657
287,590,735,744,827,656
288,591,735,743,827,656
288,590,734,744,827,656
288,590,735,743,826,656
288,590,735,744,826,655
289,591,735,744,827,655
289,591,734,744,826,654
289,591,735,744,826,654
289,591,735,744,826,654
289,590,735,745,826,654
289,591,734,744,827,653
289,591,735,745,827,653
289,591,735,745,826,653
289,591,735,746,826,653
290,591,735,746,826,652
289,590,736,746,826,652
290,590,736,745,826,652
290,590,735,746,826,652
290,590,736,746,826,652
290,590,736,746,826,652
290,591,736,746,826,652
290,590,735,746,826,651
290,591,736,747,826,651
291,590,736,746,828,651
291,590,736,746,826,651
291,590,736,745,826,650
291,589,735,745,826,650
292,590,735,745,827,652
291,590,735,745,826,650
291,589,736,745,826,650
292,590,735,745,826,651
292,590,736,744,826,651
292,590,736,744,826,650
292,590,736,745,826,651
292,590,736,744,826,650
292,589,735,744,826,650
293,590,735,744,826,650
293,590,736,744,826,650
292,590,735,744,826,650
293,591,735,744,826,650
293,590,735,744,826,650
293,590,735,743,826,650
294,591,735,743,826,649
293,591,735,743,826,650
294,590,735,744,825,650
293,590,735,743,826,649
294,591,735,743,826,649
293,591,735,743,826,649
293,591,735,743,826,649
294,591,735,743,826,649
293,592,735,743,826,649
293,592,735,743,826,649
294,592,735,743,826,649
294,592,735,743,826,649
294,592,736,744,826,649
294,592,736,743,826,649
294,592,735,744,826,649
294,592,735,743,826,649
294,593,735,744,826,649
294,593,736,745,826,650
294,592,736,744,826,649
294,593,736,745,826,649
295,594,737,744,826,649
295,593,736,745,826,649
296,593,737,745,826,649
295,593,737,745,827,649
295,592,737,744,826,649
295,592,736,745,826,649
295,592,736,745,826,649
294,592,737,745,826,648
294,592,737,746,826,648
294,592,737,745,826,649
296,592,738,746,825,648
295,592,737,746,826,648
294,592,737,746,826,649
294,592,737,747,826,648
295,593,737,747,826,649
295,592,737,746,826,648
295,592,737,747,826,649
295,592,737,747,827,648
295,592,738,746,827,648
295,592,737,747,826,648
295,592,737,746,826,649
295,592,738,747,826,649
296,592,738,748,826,648
296,592,738,747,826,649
295,591,738,747,826,648
295,591,738,747,826,649
295,592,738,747,826,649
296,592,738,747,826,649
296,591,738,747,825,649
296,591,738,747,826,649
296,591,738,747,826,649
298,591,738,747,825,648
296,592,737,749,826,649
296,591,738,748,826,649
297,591,738,748,825,648
297,591,738,748,826,649
297,591,738,748,826,648
299,592,738,748,827,649
298,592,739,748,826,649
298,592,739,749,826,649
300,592,738,749,826,649
299,593,738,748,826,649
298,593,739,749,826,649
299,593,738,749,826,649
299,592,738,749,826,649
299,593,738,749,826,649
299,593,739,749,826,649
300,593,739,749,826,650
299,592,739,749,826,649
299,592,738,749,826,649
299,593,739,749,826,649
299,592,739,750,826,649
300,593,740,749,826,649
299,592,739,750,826,649
299,592,738,750,827,649
299,592,738,750,826,649
299,592,739,751,826,649
299,592,739,750,827,649
300,592,739,750,826,649
300,591,739,750,826,649
299,591,739,750,826,650
299,591,739,750,826,650
299,591,738,750,826,649
300,591,739,750,826,649
299,592,739,750,827,649
299,592,739,749,826,649
299,591,739,749,826,649
299,591,739,749,826,649
299,592,739,750,826,649
299,591,739,749,827,649
300,590,739,749,826,650
299,591,739,749,826,649
299,591,738,749,826,649
300,591,739,749,826,649
299,591,739,748,826,650
299,591,739,749,826,649
299,591,739,749,826,650
299,591,738,748,826,650
299,590,738,748,826,650
300,591,738,748,827,649
299,590,738,748,826,649
300,591,739,748,826,649
299,591,739,748,826,650
299,591,738,747,826,650
299,591,739,747,827,650
299,591,738,747,826,651
299,590,738,747,825,649
299,591,737,747,825,649
299,590,737,746,826,649
299,591,737,746,826,649
299,590,737,746,826,650
299,590,737,746,827,650
299,590,737,746,826,649
299,590,737,746,827,650
299,591,737,746,826,650
299,590,737,745,826,650
299,590,737,745,826,649
299,591,736,745,826,649
299,590,737,745,826,649
299,590,737,745,825,649
299,591,736,745,825,649
298,591,736,744,825,649
299,590,737,745,826,649
298,591,736,744,825,649
299,591,736,745,826,649
299,592,737,745,825,649
299,591,736,745,825,649
299,592,736,744,825,649
299,592,736,745,826,649
300,592,736,744,825,649
299,592,736,745,825,649
299,592,736,745,825,649
299,592,737,744,825,648
299,592,737,746,825,649
299,592,736,745,825,649
299,592,737,745,825,649
300,592,737,745,824,649
299,592,737,746,825,649
300,593,737,746,825,648
300,592,737,745,824,649
300,592,737,746,825,649
300,592,737,746,824,649
300,592,737,746,825,648
300,592,737,746,824,648
300,593,737,746,824,649
300,592,737,747,824,649
300,592,737,747,824,648
300,592,738,746,824,649
300,592,737,746,824,649
300,592,738,747,824,648
301,593,738,747,824,649
300,593,737,747,824,649
300,593,737,747,824,648
300,593,738,748,824,648
301,593,738,748,825,648
300,592,737,747,824,649
302,593,738,748,824,649
301,593,738,748,824,650
301,592,738,747,824,649
301,593,737,747,825,649
301,593,738,747,824,649
301,593,738,748,824,649
300,592,738,748,824,649
301,592,738,748,824,649
301,592,738,748,824,649
301,592,738,747,825,649
301,592,738,748,824,649
301,592,738,748,824,649
301,592,739,748,825,649
301,592,738,749,824,649
301,592,738,749,824,649
301,593,738,748,824,649
302,593,738,749,824,649
302,592,738,748,825,649
301,592,738,748,824,650
302,592,738,749,824,650
301,592,738,748,825,649
302,592,739,748,825,650
302,592,738,748,824,650
302,593,738,749,825,649
301,593,738,748,824,650
301,593,738,749,824,650
301,592,738,748,824,650
301,593,738,748,824,650
301,592,738,747,824,650
301,593,738,748,825,650
301,592,738,748,824,650
303,593,738,747,824,650
301,593,738,747,824,650
302,593,738,748,825,650
302,593,738,747,824,650
301,593,738,747,824,651
301,593,738,748,825,650
301,593,738,748,824,650
301,593,737,748,824,650
301,593,737,747,824,650
301,593,738,748,825,650
301,593,737,748,824,651
302,593,738,748,825,651
302,594,738,748,824,651
302,593,738,748,825,651
303,595,738,748,824,650
302,594,738,748,824,651
302,593,738,749,824,651
302,595,738,749,824,651
302,594,738,748,825,651
302,594,738,749,824,651
302,594,738,749,824,652
302,594,738,748,824,651
302,594,738,749,824,651
302,594,738,749,824,651
302,595,738,749,824,651
302,595,738,749,824,651
302,594,738,749,825,651
303,595,738,749,825,651
303,595,738,749,825,651
303,595,738,749,824,651
303,595,739,750,825,652
303,596,738,750,824,652
303,595,739,750,824,652
303,597,738,752,824,651
303,596,739,750,825,652
303,596,738,750,825,651
303,596,738,751,824,652
303,596,739,750,824,651
303,597,738,751,824,652
303,596,739,751,824,652
303,596,739,751,824,652
303,596,739,751,824,652
303,597,738,751,824,653
304,597,739,751,824,652
303,597,739,752,826,652
303,597,739,752,824,652
303,597,738,752,825,652
303,597,739,752,824,652
303,597,739,752,824,653
303,597,738,752,824,653
303,597,739,752,824,653
303,597,739,752,824,653
303,597,739,753,824,654
303,597,739,752,824,653
303,597,739,753,824,653
303,597,739,753,824,653
303,597,739,753,825,653
303,596,740,753,824,653
302,596,739,753,824,653
303,597,740,753,824,653
303,596,739,753,824,653
303,597,739,753,824,654
302,596,739,754,824,654
303,596,739,754,824,654
303,596,739,753,824,654
303,597,740,754,824,654
303,596,739,754,825,654
303,596,739,754,824,654
303,596,739,755,824,655
302,596,739,754,824,654
302,596,740,754,824,654
303,596,740,754,825,654
303,596,740,754,824,654
303,596,740,754,826,655
303,596,739,755,825,654
302,596,740,754,825,655
303,596,740,755,824,655
303,595,739,756,824,655
302,595,740,755,824,655
302,595,739,755,825,654
302,595,739,755,824,655
302,595,739,755,824,655
303,595,740,755,825,655
304,595,741,756,824,655
302,595,740,756,824,657
303,595,740,755,825,656
302,594,740,756,824,656
303,595,740,756,825,656
303,595,740,755,825,656
302,594,739,756,825,656
303,594,739,756,824,656
302,593,739,756,824,656
302,593,740,755,825,656
302,593,740,755,825,656
301,593,739,755,824,656
301,593,739,755,825,656
302,593,739,755,825,656
302,593,741,755,825,656
301,593,739,755,826,657
301,594,739,755,825,656
301,593,740,755,825,656
301,593,739,755,825,657
301,593,739,755,825,657
301,593,739,755,825,657
301,593,740,755,825,657
301,593,739,755,825,657
300,593,740,755,825,657
301,594,739,754,825,657
300,594,739,755,824,657
300,594,739,755,825,657
300,593,740,755,825,657
300,593,739,755,825,658
300,593,739,755,824,658
300,593,739,755,825,658
300,593,739,755,824,657
300,594,739,755,824,659
300,593,739,755,825,658
300,593,739,755,825,658
299,593,739,755,824,658
299,593,739,755,824,659
299,593,739,754,824,659
300,593,738,755,825,659
300,593,739,755,825,659
299,592,739,755,825,658
300,593,741,754,825,659
299,593,739,755,824,659
299,593,739,754,825,659
299,593,739,754,825,659
299,593,739,754,825,659
299,594,739,754,825,659
299,593,739,754,825,660
299,593,739,754,825,660
299,593,739,754,825,660
301,593,739,754,825,660
300,594,740,753,826,660
300,594,739,753,826,660
300,594,739,753,825,661
300,594,739,753,826,661
300,594,739,752,825,661
300,594,739,753,826,661
300,593,738,753,826,661
299,593,738,753,825,661
300,593,739,752,826,661
300,594,738,753,826,661
300,593,738,753,825,661
299,593,738,752,826,661
300,593,738,752,825,661
300,594,737,752,826,662
300,593,738,753,825,661
300,593,738,752,825,661
300,594,738,752,826,661
300,594,738,752,826,661
300,593,738,752,825,661
301,593,738,752,825,662
300,594,737,752,825,662
300,593,738,751,825,661
300,594,737,751,826,662
300,593,737,751,825,662
299,593,738,751,825,661
299,593,737,751,825,661
299,593,737,751,825,661
299,594,738,751,825,662
299,593,737,750,826,662
300,593,737,751,826,662
300,593,737,751,825,663
300,592,737,750,826,662
300,592,737,750,825,662
299,592,737,750,825,662
299,593,737,751,825,662
300,592,737,750,825,662
300,592,738,750,826,662
299,592,737,750,825,662
300,592,737,749,825,662
300,592,737,749,825,662
300,592,738,749,825,662
300,592,737,749,825,663
299,591,737,749,825,662
299,591,736,749,825,663
299,591,737,749,825,662
299,592,736,750,825,662
299,591,737,749,825,662
300,591,737,749,825,663
299,590,737,749,825,663
299,592,737,748,825,663
299,591,737,748,826,664
299,591,737,748,825,663
299,591,737,748,825,663
298,590,737,748,825,663
299,591,737,748,825,663
299,591,737,748,825,663
298,592,737,748,825,663
299,591,737,748,826,663
299,591,737,747,825,663
298,590,736,747,825,664
298,591,736,747,825,663
298,591,737,747,826,663
298,591,737,747,825,664
298,591,736,747,825,663
297,591,736,747,825,663
298,591,736,746,825,664
298,591,736,747,825,665
297,591,736,746,825,663
297,591,736,746,825,663
297,591,736,746,824,663
297,592,736,746,825,663
297,591,735,746,825,663
297,591,735,746,824,663
297,591,736,745,824,663
297,591,735,745,825,663
296,592,735,746,824,663
296,591,735,745,824,663
297,591,735,745,825,663
297,590,735,745,825,663
296,591,735,745,825,663
296,591,735,745,825,663
296,591,735,745,825,663
296,591,735,745,825,663
296,590,735,745,825,663
297,591,735,745,824,663
297,590,735,745,824,662
296,591,735,744,824,662
297,591,734,745,824,663
296,591,735,744,824,663
296,591,735,744,824,663
296,590,735,744,824,663
296,590,735,744,824,662
296,590,735,745,824,663
296,591,735,744,824,662
296,590,735,744,824,662
296,590,735,745,824,662
296,591,735,744,824,663
296,591,735,744,824,662
297,591,735,744,824,662
296,590,735,744,824,662
296,591,735,744,824,662
296,591,736,744,824,662
298,590,735,744,823,662
296,590,735,744,824,662
297,592,735,743,824,662
296,590,736,744,824,662
297,590,736,744,823,662
296,590,735,744,823,662
296,591,736,744,823,662
296,590,735,744,823,661
296,590,735,743,824,662
296,590,735,743,823,662
296,590,736,743,824,662
296,590,735,743,824,661
295,590,735,743,823,661
296,590,735,743,823,662
295,590,735,742,823,661
296,590,735,743,823,662
294,589,735,742,823,661
296,590,735,742,822,661
295,589,735,742,821,658
292,588,734,743,818,655
290,588,734,742,815,650
288,587,733,741,813,644
285,587,733,740,811,640
280,587,731,739,808,636
276,587,730,739,806,632
272,587,730,738,803,630
271,587,730,738,801,627
268,587,729,738,798,625
266,587,728,737,795,622
264,586,727,737,793,621
263,586,727,736,791,619
262,585,728,736,788,618
260,586,726,736,786,616
259,586,726,736,784,616
258,585,725,735,782,614
257,584,725,735,780,613
256,584,725,734,778,612
254,584,723,734,775,610
254,584,723,733,774,609
253,584,723,733,771,608
253,584,722,732,769,607
253,584,722,732,767,607
252,583,722,732,766,605
251,584,721,732,763,604
250,584,721,731,762,604
249,583,722,732,760,602
248,583,720,731,757,602
247,582,720,730,755,600
246,582,719,731,753,599
245,582,719,730,751,599
244,582,719,729,750,598
243,581,718,729,747,597
242,581,718,729,745,596
242,581,717,728,743,595
242,580,718,729,741,594
240,580,717,728,739,594
240,580,716,728,737,593
239,580,717,727,736,592
238,579,715,727,732,592
237,579,715,726,731,590
236,579,714,726,728,589
234,578,713,725,726,588
,,,,,
